ref_name,doi,url,first_author,year,date_added,date_updated
Baum20,10.1126/science.abd0831,NULL,"Baum, A",2020,2020-06-23,2021-07-14
Liu20e,10.1038/s41586-020-2571-7,NULL,"Liu, L",2020,2020-07-09,NULL
Du20,10.1016/j.cell.2020.09.035,NULL,"Du, S",2020,2020-09-03,2021-07-07
Weisblum20,10.7554/elife.61312,NULL,"Weisblum, Y",2020,2020-11-04,NULL
Li20h,10.1016/j.cell.2020.07.012,NULL,"Li, Q",2020,2020-11-06,2021-07-18
Liu21,10.1016/j.chom.2021.01.014,NULL,"Liu, Z",2021,2020-11-07,2021-07-18
Tortorici20,10.1126/science.abe3354,NULL,"Tortorici, MA",2020,2020-11-19,2021-07-13
Greaney20,10.1016/j.chom.2020.11.007,NULL,"Greaney, AJ",2020,2020-11-22,2021-07-08
Starr21,10.1126/science.abf9302,NULL,"Starr, TN",2021,2020-12-07,2021-07-08
Singer20,10.20944/preprints202006.0225.v1,NULL,"Singer, J",2020,2021-01-05,2021-10-18
McCallum21,10.1016/j.cell.2021.03.028,NULL,"McCallum, M",2021,2021-01-16,2021-07-13
Avanzato20,10.1016/j.cell.2020.10.049,NULL,"Avanzato, VA",2020,2021-01-20,2021-10-05
Choi20,10.1056/nejmc2031364,NULL,"Choi, B",2020,2021-01-20,2021-10-08
Khatamzas21,10.1101/2021.01.10.20248871,NULL,"Khatamzas, E",2021,2021-01-20,2021-10-12
Gottlieb21,10.1001/jama.2021.0202,NULL,"Gottlieb, RL",2021,2021-01-22,2022-02-09
Andreano21,10.1073/pnas.2103154118,NULL,"Andreano, E",2021,2021-01-27,2021-09-28
Stanevich23,10.1038/s41467-022-34033-x,NULL,"Stanevich, O",2021,2021-01-27,2023-05-04
Collier21,10.1038/s41586-021-03412-7,NULL,"Collier, DA",2021,2021-01-27,2021-06-24
Greaney21,10.1016/j.chom.2021.02.003,NULL,"Greaney, AJ",2021,2021-01-27,2021-07-14
Hu21,10.1038/s41423-021-00648-1,NULL,"Hu, J",2021,2021-01-27,2021-07-15
Rees-Spear21,10.1016/j.celrep.2021.108890,NULL,"Rees-Spear, C",2021,2021-01-27,2021-07-16
Wang21,10.1038/s41586-021-03324-6,NULL,"Wang, Z",2021,2021-01-27,2021-06-24
Wang21b,10.1038/s41586-021-03398-2,NULL,"Wang, P",2021,2021-01-27,2021-02-25
Wibmer21,10.1038/s41591-021-01285-x,NULL,"Wibmer, CK",2021,2021-01-27,2021-07-05
Wu21,10.1056/nejmc2102179,NULL,"Wu, K",2021,2021-01-27,2021-06-26
Sahin20,10.1038/s41586-020-2814-7,NULL,"Sahin, U",2020,2021-01-28,2021-06-28
Dong21,10.1038/s41564-021-00972-2,NULL,"Dong, J",2021,2021-01-29,2022-01-28
Jangra21,10.1016/S2666-5247(21)00068-9,NULL,"Jangra, S",2021,2021-01-29,2021-07-09
Shen21,10.1016/j.chom.2021.03.002,NULL,"Shen, X",2021,2021-01-29,2021-06-28
Xie21,10.1038/s41591-021-01270-4,NULL,"Xie, X",2021,2021-01-29,2021-06-25
Huang21b,10.1016/S2666-5247(21)00082-3,NULL,"Huang, B",2021,2021-02-04,2021-07-29
Rothenberger22,10.1038/s41587-022-01382-3,NULL,"Rothenberger, S",2022,2021-02-04,2022-11-02
Tada21,10.1128/mBio.00696-21,NULL,"Tada, T",2021,2021-02-07,2021-10-07
Yao21,10.1101/2021.01.27.428353,NULL,"Yao, W",2021,2021-02-07,2021-09-28
Gu21,10.1080/19420862.2021.1930636,NULL,"Gu, C",2021,2021-02-08,2021-07-07
Kemp21,10.1038/s41586-021-03291-y,NULL,"Kemp, SA",2021,2021-02-08,2021-07-12
Stamatatos21,10.1126/science.abg9175,NULL,"Stamatatos, L",2021,2021-02-08,2021-06-29
Huang21,10.1101/2021.01.31.428824,NULL,"Huang, Y",2021,2021-02-09,NULL
Muik21,10.1126/science.abg6105,NULL,"Muik, A",2021,2021-02-09,2021-06-29
Cele21,10.1038/s41586-021-03471-w,NULL,"Cele, S",2021,2021-02-10,2021-07-08
Hoffmann21,10.1016/j.cell.2021.03.036,NULL,"Hoffmann, M",2021,2021-02-12,2021-06-25
Planas21,10.1038/s41591-021-01318-5,NULL,"Planas, D",2021,2021-02-16,2021-06-28
Hoffmann21b,10.1016/j.celrep.2021.109017,NULL,"Hoffmann, M",2021,2021-02-17,2021-07-08
Liu21b,10.1056/nejmc2102017,NULL,"Liu, Y",2021,2021-02-17,NULL
Garcia-Beltran21,10.1016/j.cell.2021.03.013,NULL,"Garcia-Beltran, WF",2021,2021-02-18,2021-06-24
Yuan21,10.1126/science.abh1139,NULL,"Yuan, M",2021,2021-02-18,2021-07-04
Chen21,10.1038/s41591-021-01294-w,NULL,"Chen, RE",2021,2021-02-19,2021-06-27
Koenig21,10.1126/science.abe6230,NULL,"Koenig, P",2021,2021-02-20,NULL
Wang21d,10.1016/j.chom.2021.04.007,NULL,"Wang, P",2021,2021-03-03,2021-07-03
Faulkner21,10.7554/eLife.69317,NULL,"Faulkner, N",2021,2021-03-08,2021-08-05
Moyo-Gwete21,10.1056/nejmc2104192,NULL,"Moyo-Gwete, T",2021,2021-03-08,2021-04-08
Marot21,10.1093/cid/ciab492,NULL,"Marot, S",2021,2021-03-09,2021-07-14
Rondinone21,10.3390/v13020276,NULL,"Rondinone, V",2021,2021-03-09,2021-07-08
Trinite21,10.3390/v13061135,NULL,"Trinite, B",2021,2021-03-09,2021-07-03
Wang21e,10.1126/science.abh1766,NULL,"Wang, L",2021,2021-03-09,2021-07-16
Deng21,10.1016/j.cell.2021.04.025,NULL,"Deng, X",2021,2021-03-10,2021-06-25
Wang21f,10.1016/j.immuni.2021.06.003,NULL,"Wang, R",2021,2021-03-10,2021-07-16
Widera21,10.1093/infdis/jiab355,NULL,"Widera, M",2021,2021-03-10,2021-07-09
Cathcart21,10.1101/2021.03.09.434607,NULL,"Cathcart, AL",2021,2021-03-14,2021-12-02
Copin21,10.1016/j.cell.2021.06.002,NULL,"Copin, R",2021,2021-03-14,2021-10-08
Supasa21,10.1016/j.cell.2021.02.033,NULL,"Supasa, P",2021,2021-03-14,2021-06-29
Becker21,10.1038/s41467-021-23473-6,NULL,"Becker, M",2021,2021-03-16,2021-06-29
Brown21,10.1101/2021.02.24.432576,NULL,"Brown, JC",2021,2021-03-16,2021-07-01
Dejnirattisai21,10.1016/j.cell.2021.03.055,NULL,"Dejnirattisai, W",2021,2021-03-16,2021-06-29
Ku21,10.1038/s41467-020-20789-7,NULL,"Ku, Z",2021,2021-03-16,NULL
Madhi21,10.1056/NEJMoa2102214,NULL,"Madhi, SA",2021,2021-03-16,2021-06-29
Zhou21b,10.1016/j.cell.2021.02.037,NULL,"Zhou, D",2021,2021-03-16,2021-06-29
FDA21,NULL,https://www.fda.gov/drugs/drug-safety-and-availability/fda-authorizes-revisions-fact-sheets-address-sars-cov-2-variants-monoclonal-antibody-products-under,FDA,2021,2021-03-18,NULL
FDA21e,NULL,https://www.fda.gov/media/149534/download,FDA,2021,2021-03-18,NULL
Edara21,10.1001/jama.2021.4388,NULL,"Edara, VV",2021,2021-03-19,2021-06-25
Emary21,10.1016/S0140-6736(21)00628-0,NULL,"Emary, KRW",2021,2021-03-21,2021-06-25
Tang21,10.1016/j.isci.2021.103006,NULL,"Tang, J",2021,2021-03-21,2021-11-18
Kuzmina21,10.1016/j.chom.2021.03.008,NULL,"Kuzmina, A",2021,2021-03-23,2021-07-07
Zhou21c,10.1128/mBio.01386-21,NULL,"Zhou, H",2021,2021-03-25,2021-07-29
Skelly21,10.1038/s41467-021-25167-5,NULL,"Skelly, DT",2021,2021-03-29,2021-09-28
Zuckerman21,10.3390/vaccines9060616,NULL,"Zuckerman, NS",2021,2021-03-29,2021-12-16
McCallum21b,10.1126/science.abi7994,NULL,"McCallum, M",2021,2021-04-02,2021-07-13
Bloom21,NULL,https://jbloomlab.github.io/SARS-CoV-2-RBD_MAP_Ellebedy_Abs/,"Bloom, J",2021,2021-04-07,NULL
Greaney21b,10.1038/s41467-021-24435-8,NULL,"Greaney, AJ",2021,2021-04-07,NULL
Starr20,10.1016/j.cell.2020.08.012,NULL,"Starr, TN",2020,2021-04-07,NULL
Starr21b,10.1016/j.xcrm.2021.100255,NULL,"Starr, TN",2021,2021-04-07,NULL
Wang21g,10.1056/NEJMc2103022,NULL,"Wang, G",2021,2021-04-07,2021-06-25
Shen21b,10.1056/NEJMc2103740,NULL,"Shen, X",2021,2021-04-08,2021-06-29
Starr21c,10.1038/s41586-021-03807-6,NULL,"Starr, TN",2021,2021-04-15,2021-05-17
Chen21b,10.1128/mSphere.00480-21,NULL,"Chen, L",2021,2021-04-16,2021-10-08
Greaney21c,10.1126/scitranslmed.abi9915,NULL,"Greaney, AJ",2021,2021-04-17,2021-07-01
Ikegame21,10.1038/s41467-021-24909-9,NULL,"Ikegame, S",2021,2021-04-17,2021-07-29
Alenquer21,10.1371/journal.ppat.1009772,NULL,"Alenquer, M",2021,2021-04-24,2021-09-28
West21,10.1038/s41467-021-25168-4,NULL,"West, AP",2021,2021-04-24,2021-09-23
Alsoussi20,10.4049/jimmunol.2000583,NULL,"Alsoussi, WB",2020,2021-04-27,NULL
Andreano20,10.1016/j.cell.2021.02.035,NULL,"Andreano, E",2020,2021-04-27,NULL
Beasley20,10.1101/2020.07.27.224089,NULL,"Beasley, MD",2020,2021-04-27,NULL
Bracken20,10.1038/s41589-020-00679-1,NULL,"Bracken, CJ",2020,2021-04-27,NULL
Brouwer20,10.1126/science.abc5902,NULL,"Brouwer, PJM",2020,2021-04-27,NULL
Cao20c,10.1016/j.cell.2020.05.025,NULL,"Cao, Y",2020,2021-04-27,NULL
Cao20f,10.1101/2020.09.27.316174,NULL,"Cao, X",2020,2021-04-27,NULL
Chan20b,10.1101/2020.10.26.355107,NULL,"Chan, CE",2020,2021-04-27,NULL
Chen17,10.1093/infdis/jix209,NULL,"Chen, Z",2017,2021-04-27,NULL
Chen20e,10.1038/s41423-020-0426-7,NULL,"Chen, X",2020,2021-04-27,NULL
Chi20,10.1126/science.abc6952,NULL,"Chi, X",2020,2021-04-27,NULL
Chi20b,10.1038/s41467-020-18387-8,NULL,"Chi, X",2020,2021-04-27,NULL
Corti15,10.1073/pnas.1510199112,NULL,"Corti, D",2015,2021-04-27,NULL
Coughlin09,10.1016/j.virol.2009.07.028,NULL,"Coughlin, MM",2009,2021-04-27,NULL
Custodio20,10.1038/s41467-020-19204-y,NULL,"Custódio, TF",2020,2021-04-27,NULL
Du14,10.1128/jvi.00433-14,NULL,"Du, L",2014,2021-04-27,NULL
Ejemel20,10.1038/s41467-020-18058-8,NULL,"Ejemel, M",2020,2021-04-27,NULL
Fagre20,10.3389/fimmu.2020.614256,NULL,"Fagre, AC",2020,2021-04-27,NULL
Gai20,10.1002/mco2.60,NULL,"Gai, J",2020,2021-04-27,NULL
Greenough05,10.1086/427242,NULL,"Greenough, T",2005,2021-04-27,NULL
Hanke20,10.1038/s41467-020-18174-5,NULL,"Hanke, L",2020,2021-04-27,NULL
Hansen20,10.1126/science.abd0827,NULL,"Hansen, J",2020,2021-04-27,NULL
Hassan20,10.1016/j.cell.2020.06.011,NULL,"Hassan, AO",2020,2021-04-27,NULL
He06,10.4049/jimmunol.176.10.6085,NULL,"He, Y",2006,2021-04-27,NULL
Huo20,10.1016/j.chom.2020.06.010,NULL,"Huo, J",2020,2021-04-27,NULL
Huo20b,10.1038/s41594-020-0469-6,NULL,"Huo, J",2020,2021-04-27,NULL
Hurlburt20,10.1038/s41467-020-19231-9,NULL,"Hurlburt, NK",2020,2021-04-27,NULL
Jiang14,10.1126/scitranslmed.3008140,NULL,"Jiang, L",2014,2021-04-27,NULL
Jones20,10.1101/2020.09.30.318972,NULL,"Jones, BE",2020,2021-04-27,NULL
Ju20,10.1038/s41586-020-2380-z,NULL,"Ju, B",2020,2021-04-27,NULL
Kim21,10.1038/s41467-020-20602-5,NULL,"Kim, C",2021,2021-04-27,NULL
Kreer20,10.1016/j.cell.2020.06.044,NULL,"Kreer, C",2020,2021-04-27,NULL
Kreye20,10.1016/j.cell.2020.09.049,NULL,"Kreye, J",2020,2021-04-27,NULL
Li20b,10.1073/pnas.2010197117,NULL,"Li, W",2020,2021-04-27,NULL
Li20d,10.1101/2020.06.09.143438,NULL,"Li, T",2020,2021-04-27,NULL
Li20e,10.1101/2020.09.11.292631,NULL,"Li, T",2020,2021-04-27,NULL
Li20j,10.1016/j.cell.2020.09.007,NULL,"Li, W",2020,2021-04-27,NULL
Li21,10.1101/2020.12.31.424729,NULL,"Li, D",2021,2021-04-27,NULL
Liu20g,10.1016/j.immuni.2020.10.023,NULL,"Liu, H",2020,2021-04-27,NULL
Lu21,10.1186/s12951-021-00768-w,NULL,"Lu, Q",2021,2021-04-27,NULL
Lv20,10.1126/science.abc5881,NULL,"Lv, Z",2020,2021-04-27,NULL
Maisonnasse21,10.1038/s41467-021-26354-0,NULL,"Maisonnasse, P",2021,2021-04-27,NULL
Miao20,10.1080/19420862.2020.1804241,NULL,"Miao, X",2020,2021-04-27,NULL
Noy-Porat20,10.1038/s41467-020-18159-4,NULL,"Noy-Porat, T",2020,2021-04-27,NULL
Pan20,10.1016/j.antiviral.2020.104868,NULL,"Pan, X",2020,2021-04-27,NULL
Pinto20,10.1038/s41586-020-2349-y,NULL,"Pinto, D",2020,2021-04-27,NULL
Rappazzo21,10.1126/science.abf4830,NULL,"Rappazzo, CG",2021,2021-04-27,NULL
Robbiani20,10.1038/s41586-020-2456-9,NULL,"Robbiani, DF",2020,2021-04-27,NULL
Rockx08,10.1128/jvi.02377-07,NULL,"Rockx, B",2008,2021-04-27,NULL
Rogers20,10.1126/science.abc7520,NULL,"Rogers, TF",2020,2021-04-27,NULL
Rosenfeld20,10.1038/s41467-021-21239-8,NULL,"Rosenfeld, R",2020,2021-04-27,NULL
Schoof20,10.1126/science.abe3255,NULL,"Schoof, M",2020,2021-04-27,NULL
Seydoux20,10.1016/j.immuni.2020.06.001,NULL,"Seydoux, E",2020,2021-04-27,NULL
Shi20,10.1038/s41586-020-2381-y,NULL,"Shi, R",2020,2021-04-27,NULL
Sui04,10.1073/pnas.0307140101,NULL,"Sui, J",2004,2021-04-27,NULL
Sui05,10.1128/jvi.79.10.5900-5906.2005,NULL,"Sui, J",2005,2021-04-27,NULL
Sun20,10.1080/19420862.2020.1778435,NULL,"Sun, Z",2020,2021-04-27,NULL
Suryadevara21,10.1016/j.cell.2021.03.029,NULL,"Suryadevara, N",2021,2021-04-27,NULL
Tang14,10.1073/pnas.1402074111,NULL,"Tang, XC",2014,2021-04-27,NULL
terMeulen04,10.1016/s0140-6736(04)16506-9,NULL,"ter Meulen, J",2004,2021-04-27,NULL
terMeulen06,10.1371/journal.pmed.0030237,NULL,"ter Meulen, J",2006,2021-04-27,NULL
Traggiai04,10.1038/nm1080,NULL,"Traggiai, E",2004,2021-04-27,NULL
ValenzuelaNieto21,10.1038/s41598-021-82833-w,NULL,"Valenzuela Nieto, G",2021,2021-04-27,NULL
Vanhove20,10.1002/eji.202049072,NULL,"Vanhove, B",2020,2021-04-27,NULL
Veesler20,10.1101/2020.12.29.424482,NULL,"Sauer, MM",2020,2021-04-27,NULL
Wan20,10.1016/j.celrep.2020.107918,NULL,"Wan, J",2020,2021-04-27,NULL
Wang19,10.3390/v11010031,NULL,"Wang, C",2019,2021-04-27,NULL
Wang19b,10.3390/antib8040053,NULL,"Wang, L",2019,2021-04-27,NULL
Wang20b,10.1038/s41467-020-16256-y,NULL,"Wang, C",2020,2021-04-27,NULL
Wang20h,10.1101/2020.07.14.203414,NULL,"Wang, B",2020,2021-04-27,NULL
Wang20l,10.1038/s41467-020-19568-1,NULL,"Wang, S",2020,2021-04-27,NULL
Wang21c,10.1038/s41586-021-03696-9,NULL,"Wang, C",2021,2021-04-27,NULL
Wec20,10.1126/science.abc7424,NULL,"Wec, AZ",2020,2021-04-27,NULL
Wrapp20,10.1016/j.cell.2020.04.031,NULL,"Wrapp, D",2020,2021-04-27,NULL
Wu20,10.1126/science.abc2241,NULL,"Wu, Y",2020,2021-04-27,NULL
Wu20b,10.1016/j.chom.2020.04.023,NULL,"Wu, Y",2020,2021-04-27,NULL
Xiang20,10.1126/science.abe4747,NULL,"Xiang, Y",2020,2021-04-27,NULL
Yadav21,10.1093/cid/ciab411,NULL,"Yadav, PD",2021,2021-04-27,2021-07-18
Ying14,10.1128/jvi.00912-14,NULL,"Ying, T",2014,2021-04-27,NULL
Zhang20f,10.1101/2020.09.23.309294,NULL,"Zhang, L",2020,2021-04-27,NULL
Zhang21,10.1001/jama.2021.1612,NULL,"Zhang, W",2021,2021-04-27,NULL
Zhou20b,10.1038/s41594-020-0480-y,NULL,"Zhou, D",2020,2021-04-27,NULL
Zhou21,10.1016/j.celrep.2021.108699,NULL,"Zhou, Y",2021,2021-04-27,NULL
Zhu07,10.1073/pnas.0701000104,NULL,"Zhu, Z",2007,2021-04-27,NULL
Zost20b,10.1038/s41586-020-2548-6,NULL,"Zost, SJ",2020,2021-04-27,NULL
Bates21,10.1038/s41467-021-25479-6,NULL,"Bates, TA",2021,2021-05-01,2021-11-17
deSouza21,10.1016/S2666-5247(21)00129-4,NULL,"De Souza, WM",2021,2021-05-01,2021-08-05
Leier21,10.1101/2021.04.25.21256049,NULL,"Leier, HC",2021,2021-05-01,2021-09-29
Li21c,10.1016/j.cell.2021.02.042,NULL,"Li, Q",2021,2021-05-01,2021-10-06
Mallm21,10.1101/2021.04.27.21254849,NULL,"Mallm, JP",2021,2021-05-01,2021-07-08
Sapkal21,10.1093/jtm/taab077,NULL,"Sapkal, G",2021,2021-05-01,2021-07-13
Vanhove21,10.3389/fimmu.2021.761250,NULL,"Vanhove, B",2021,2021-05-01,2022-08-09
Wu21b,10.1101/2021.04.13.439482,NULL,"Wu, K",2021,2021-05-01,2021-07-01
Westendorf22,10.1016/j.celrep.2022.110812,NULL,"Westendorf, K",2022,2021-05-03,2022-06-10
Weigang21,10.1038/s41467-021-26602-3,NULL,"Weigang, S",2021,2021-05-06,2022-05-03
Hoffmann21c,10.1016/j.celrep.2021.109415,NULL,"Hoffmann, M",2021,2021-05-09,2021-08-06
Betton21,10.1093/cid/ciab308,NULL,"Betton, M",2021,2021-05-09,2021-07-06
Stankov21,10.1093/cid/ciab555,NULL,"Stankov, M",2021,2021-05-09,2021-07-08
Goel21,10.1126/sciimmunol.abi6950,NULL,"Goel, RR",2021,2021-05-09,2021-09-07
Jalkanen21,10.1038/s41467-021-24285-4,NULL,"Jalkanen, P",2021,2021-05-09,2021-07-27
Lien21,10.1093/cid/ciab711,NULL,"Lien, C",2021,2021-05-10,2022-09-06
Sapkal21b,10.1093/jtm/taab051,NULL,"Sapkal, G",2021,2021-05-10,2021-06-28
Monin21,10.1016/S1470-2045(21)00213-8,NULL,"Monin-Aldama, L",2021,2021-05-10,2021-07-06
Virtanen21,10.3390/v13060996,NULL,"Virtanen, J",2021,2021-05-10,2021-07-14
Edara21b,10.1016/j.chom.2021.03.009,NULL,"Edara, VV",2021,2021-05-10,2021-06-25
Li21d,10.1038/s41423-021-00641-8,NULL,"Li, R",2021,2021-05-10,2021-07-15
Ferreira21,10.1093/infdis/jiab368,NULL,"Ferreira, I",2021,2021-05-10,2021-07-19
Edara21c,10.1056/NEJMc2107799,NULL,"Edara, VV",2021,2021-05-11,2021-07-21
Liu21d,10.1056/NEJMc2106083,NULL,"Liu, Y",2021,2021-05-13,2021-06-28
Saade21,10.1080/22221751.2021.1945423,NULL,"Saade, C",2021,2021-05-13,2021-07-01
Tada21c,10.1016/j.isci.2021.103341,NULL,"Tada, T",2021,2021-05-17,2022-8-16
Pegu21,10.1126/science.abj4176,NULL,"Pegu, A",2021,2021-05-17,2021-08-24
Focosi21b,10.3201/eid2710.211538,NULL,"Focosi, D",2021,2021-05-18,2021-10-09
Zhang21c,10.1038/s42003-021-02728-4,NULL,"Zhang, L",2021,2021-05-18,2021-12-01
Yi21,10.1186/s13073-021-00985-w,NULL,"Yi, C",2021,2021-05-19,2021-11-11
Makdasi21,10.1016/j.celrep.2021.109679,NULL,"Makdasi, E",2021,2021-05-26,2021-11-18
Muecksch21,10.1016/j.immuni.2021.07.008,NULL,"Muecksch, F",2021,2021-05-26,2021-08-11
Planas21b,10.1038/s41586-021-03777-9,NULL,"Planas, D",2021,2021-05-28,2021-09-07
Liu21e,10.1038/s41586-021-03693-y,NULL,"Liu, J",2021,2021-06-13,2021-06-28
Moore21,10.1101/2021.06.09.447722,NULL,"Moore, P",2021,2021-06-13,2021-07-09
Yadav21b,10.1093/jtm/taab104,NULL,"Yadav, PD",2021,2021-06-13,2021-08-04
Liu21f,10.1016/j.cell.2021.06.020,NULL,"Liu, C",2021,2021-06-18,2021-06-29
Zou21,10.1038/s41541-021-00313-8,NULL,"Zou, J",2021,2021-06-18,2021-06-27
Wall21,10.1016/S0140-6736(21)01290-3,NULL,"Wall, EC",2021,2021-06-22,NULL
Mlcochova21,10.1038/s41586-021-03944-y,NULL,"Mlcochova, P",2021,2021-06-27,2021-10-28
Ryu21,10.1016/j.bbrc.2021.06.016,NULL,"Ryu, DK",2021,2021-07-01,NULL
Alter21,10.1038/s41586-021-03681-2,NULL,"Alter, G",2021,2021-07-02,2021-07-06
Jongeneelen21,10.1101/2021.07.01.450707,NULL,"Jongeneelen, M",2021,2021-07-02,NULL
Wall21b,10.1016/S0140-6736(21)01462-8,NULL,"Wall, EC",2021,2021-07-02,NULL
Acevedo22,10.1038/s41564-022-01092-1,NULL,"Acevedo, ML",2022,2021-07-02,2022-08-05
Turner21,10.1038/s41586-021-03738-2,NULL,"Turner, JS",2021,2021-07-05,NULL
Imai21,10.1073/pnas.2106535118,NULL,"Imai, M",2021,2021-07-07,NULL
Choi21,10.1128/JVI.01313-21,NULL,"Choi, A",2021,2021-07-09,2021-12-01
Lustig21,10.2807/1560-7917.ES.2021.26.26.2100557,NULL,"Lustig, Y",2021,2021-07-09,NULL
Tada21d,10.1101/2021.07.02.450959,NULL,"Tada, T",2021,2021-07-12,NULL
Sapkal21c,10.1093/jtm/taab119,NULL,"Sapkal, G",2021,2021-07-12,2021-09-28
Ryu21b,10.1016/j.bbrc.2021.09.023,NULL,"Ryu, DK",2021,2021-07-12,2021-09-28
Hu21c,10.1016/j.gendis.2021.11.007,NULL,"Hu, J",2021,2021-07-12,NULL
Polack20,10.1056/nejmoa2034577,NULL,"Polack, FP",2020,2021-07-20,NULL
Khoury21,10.1038/s41591-021-01377-8,NULL,"Khoury, DS",2021,2021-07-20,NULL
Abu-Raddad21,10.1056/NEJMc2104974,NULL,"Abu-Raddad, LJ",2021,2021-07-20,NULL
Sheikh21,10.1016/S0140-6736(21)01358-1,NULL,"Sheikh, A",2021,2021-07-20,NULL
Bernal21,10.1101/2021.05.22.21257658,NULL,"Bernal, JL",2021,2021-07-20,NULL
Haas21,10.1016/S0140-6736(21)00947-8,NULL,"Haas, EJ",2021,2021-07-20,NULL
Voysey20,10.1016/S0140-6736(20)32661-1,NULL,"Voysey, M",2020,2021-07-20,NULL
Heath21,10.1056/NEJMoa2107659,NULL,"Heath, PT",2021,2021-07-20,NULL
Shinde21,10.1056/NEJMoa2103055,NULL,"Shinde, V",2021,2021-07-20,NULL
Sadoff21,10.1056/NEJMoa2101544,NULL,"Sadoff,",2021,2021-07-20,NULL
Ranzani21,10.1101/2021.05.19.21257472,NULL,"Ranzani, OT",2021,2021-07-20,NULL
Tada21e,10.3389/fimmu.2022.797589,NULL,"Tada, T",2021,2021-07-20,2022-08-12
Lucas21,10.1038/s41586-021-04085-y,NULL,"Lucas, C",2021,2021-07-22,NULL
Barouch21,10.1056/NEJMc2108829,NULL,"Barouch, DH",2021,2021-07-23,NULL
Anichini21,10.3390/vaccines9050517,NULL,"Anichini, G",2021,2021-07-23,NULL
Caniels21,10.1126/sciadv.abj5365,NULL,"Ganiels, TG",2021,2021-07-23,2022-05-23
Geers21,10.1126/sciimmunol.abj1750,NULL,"Geers, D",2021,2021-07-23,NULL
Liu21g,10.1002/ctm2.644,NULL,"Liu, J",2021,2021-07-23,2022-05-24
Zani21,10.1080/22221751.2021.1940305,NULL,"Zani, A",2021,2021-07-25,2022-01-17
Hitchings21,10.1101/2021.07.19.21260802,NULL,"Hitchings, MDT",2021,2021-07-29,NULL
Hitchings21b,10.1101/2021.04.07.21255081,NULL,"Hitchings, MDT",2021,2021-07-29,NULL
Tanriover21,10.1016/S0140-6736(21)01429-X,NULL,"Tanriover, MD",2021,2021-07-29,NULL
Baden21,10.1056/nejmoa2035389,NULL,"Baden, LR",2021,2021-07-29,NULL
Chemaitelly21,10.1038/s41591-021-01446-y,NULL,"Chemaitelly, H",2021,2021-07-29,NULL
Jensen21,10.1016/j.lanepe.2021.100164,NULL,"Jensen, B",2021,2021-07-30,2021-10-09
Arora21,10.1016/j.celrep.2021.109825,NULL,"Arora, P",2021,2021-08-03,2021-11-09
Arora21b,10.1038/s41423-021-00772-y,NULL,"Arora, P",2021,2021-11-09,2021-11-17
Arunachalam21,10.1038/s41586-021-03791-x,NULL,"Arunachalam, PS",2021,2021-08-03,2021-09-15
Messali21,10.1002/jmv.27247,NULL,"Messali, S",2021,2021-08-03,NULL
Kimura21,10.1016/j.celrep.2021.110218,NULL,"Kimura, I",2021,2021-08-04,NULL
Cantoni21,10.3389/fimmu.2022.773982,NULL,"Cantoni, D",2021,2021-08-05,2022-08-15
Chen21c,10.1016/S1473-3099(21)00287-5,NULL,"Chen, Y",2021,2021-08-05,NULL
Gross21,10.1016/j.ebiom.2021.103761,NULL,"Groß, R",2021,2021-08-06,2022-08-09
Yadav21c,10.1093/cid/ciab483,NULL,"Yadav, PD",2021,2021-08-07,NULL
Zhang22,10.1038/s41467-022-29477-0,NULL,"Zhang, X",2022,2021-08-07,2022-08-05
Vidal21,10.1128/JVI.00404-21,NULL,"Vidal, SJ",2021,2021-08-07,NULL
Dupont21,10.1038/s41564-021-00974-0,NULL,"Dupont, L",2021,2021-08-08,2021-11-11
Muecksch21b,10.1101/2021.07.02.21259939,NULL,"Muecksch, F",2021,2021-08-11,NULL
Liu21h,10.1016/j.xinn.2021.100181,NULL,"Liu, Q",2021,2021-08-11,2022-08-15
Abe21,10.1101/2021.08.06.21261721,NULL,"Abe, KT",2021,2021-08-13,NULL
Diez21,10.1093/infdis/jiab540,NULL,"Diez, JM",2021,2021-08-16,2021-12-01
Pannus21,10.1093/cid/ciab998,NULL,"Pannus, P",2021,2021-08-16,2022-08-15
Riou21,10.1126/scitranslmed.abj6824,NULL,"Riou, C",2021,2021-08-16,2021-09-23
Sahin21,10.1038/s41586-021-03653-6,NULL,"Sahin, U",2021,2021-08-16,2021-10-06
Vacharathit21,10.1016/S1473-3099(21)00568-5,NULL,"Vacharathit, V",2021,2021-08-18,2021-11-18
Zhao21,10.1016/S2666-5247(21)00217-2,NULL,"Zhao, X",2021,2021-08-18,2021-09-07
Gushchin21,10.3390/vaccines9070779,NULL,"Gushchin, VA",2021,2021-08-23,2021-10-06
Reynolds21,10.1126/science.abh1282,NULL,"Reynolds, CJ",2021,2021-08-24,NULL
Carreno21,10.1016/j.ebiom.2021.103626,NULL,"Carreno, JM",2021,2021-08-24,2021-11-18
Wilson21,10.21203/rs.3.rs-678247/v1,NULL,"Wilson, P",2021,2021-08-25,2021-11-08
Trombetta21,10.3390/v13071347,NULL,"Trombetta, CM",2021,2021-08-25,2021-10-07
Yu21b,10.1038/s41586-021-03732-8,NULL,"Yu, J",2021,2021-08-25,2021-12-22
Yadav21d,10.1093/jtm/taab154,NULL,"Yadav, PD",2021,2021-08-25,NULL
Corbett21,10.1038/s41590-021-01021-0,NULL,"Corbett, KS",2021,2021-08-26,NULL
Spencer21,10.1016/j.ebiom.2022.103902,NULL,"Spencer, AJ",2021,2021-08-26,2022-08-15
Behrens21,10.1016/S0140-6736(21)01891-2,NULL,"Behrens, GMN",2021,2021-08-27,2021-09-23
Barros-Martins21,10.1038/s41591-021-01449-9,NULL,"Barros-Martins, J",2021,2021-08-27,NULL
Ledesma21,10.1128/mbio.03442-21,NULL,"Ledesma, MMGL",2021,2021-08-27,2021-10-06
Hammerschmidt21,10.1038/s41423-021-00755-z,NULL,"Hammerschmidt, SI",2021,2021-08-27,NULL
Tea21,10.1371/journal.pmed.1003656,NULL,"Tea, F",2021,2021-08-27,2021-11-08
Annavajhala21b,10.1038/s41586-021-03908-2,NULL,"Annavajhala, MK",2021,2021-08-30,NULL
Du21,10.1038/s41467-021-25331-x,NULL,"Du, Y",2021,2021-08-31,NULL
Wilhelm21,10.3390/v13091693,NULL,"Wilhelm, A",2021,2021-08-31,NULL
McCallum21c,10.1126/science.abl8506,NULL,"McCallum, M",2021,2021-08-31,2021-12-01
Fernandez21,10.1002/jmv.27310,NULL,"Fernandez, J",2021,2021-09-04,NULL
Keeton21,10.1016/j.chom.2021.10.003,NULL,"Keeton, R",2021,2021-09-07,NULL
Hadjadj21,10.1136/annrheumdis-2021-221508,NULL,"Hadjadj, J",2021,2021-09-08,NULL
Francino-Urdaniz21,10.1016/j.celrep.2021.109627,NULL,"Francino-Urdaniz, IM",2021,2021-09-23,NULL
Peiffer-Smadja21,10.3390/v13081642,NULL,"Peiffer-Smadja, N",2021,2021-09-24,NULL
Neumann21,10.3390/vaccines9070700,NULL,"Neumann, F",2021,2021-09-24,2021-10-06
Uriu21,10.1056/NEJMc2114706,NULL,"Uriu, K",2021,2021-09-24,2021-11-09
Schmitz21,10.1016/j.immuni.2021.08.013,NULL,"Schmitz, AJ",2021,2021-09-24,NULL
Graham21,10.1016/j.immuni.2021.03.023,NULL,"Graham, C",2021,2021-09-27,NULL
WHO21,NULL,https://www.who.int/en/activities/tracking-SARS-CoV-2-variants/,WHO,2021,2021-09-29,2022-06-08
CDC21,NULL,https://www.cdc.gov/coronavirus/2019-ncov/variants/variant-classifications.html,CDC,2021,2021-09-29,2022-06-08
ECDC21,NULL,https://www.ecdc.europa.eu/en/covid-19/variants-concern,ECDC,2021,2021-09-29,2022-06-08
PHE21,NULL,https://www.gov.uk/government/publications/covid-19-variants-genomically-confirmed-case-numbers/variants-distribution-of-cases-data,PHE,2021,2021-09-29,2022-06-08
Falsey21,10.1056/NEJMc2113468,NULL,"Falsey, AR",2021,2021-10-06,2021-10-28
Vicenti21,10.3390/life11090896,NULL,"Vicenti, I",2021,2021-10-07,2021-11-08
Bates21b,10.1001/jama.2021.11656,NULL,"Bates, TA",2021,2021-10-07,NULL
Collier21b,10.1038/s41586-021-03739-1,NULL,"Collier, DA",2021,2021-10-07,2021-10-28
Fenwick21,10.1016/j.celrep.2021.109814,NULL,"Fenwick, C",2021,2021-10-07,NULL
Suthar21,10.1016/j.medj.2021.12.005,NULL,"Suthar, MS",2021,2021-10-07,2022-08-12
Choudhary22,10.1038/s41564-022-01254-1,NULL,"Choudhary, MC",2022,2021-10-12,2022-11-02
Miyakawa21,10.1093/jmcb/mjab050,NULL,"Miyakawa, K",2021,2021-10-19,2021-10-28
Haslwanter21,10.1128/mBio.02473-21,NULL,"Haslwanter, D",2021,2021-10-20,2021-11-02
Chen21d,10.1016/j.celrep.2021.109604,NULL,"Chen, EC",2021,2021-10-20,NULL
Fabricius21,10.3390/vaccines9080918,NULL,"Fabricius, D",2021,2021-10-20,2021-11-02
Gidari21,10.1016/j.jinf.2021.07.019,NULL,"Gidari, A",2021,2021-10-21,NULL
Goel21b,10.1126/science.abm0829,NULL,"Goel, RR",2021,2021-10-21,NULL
Gong21,10.1016/j.virol.2021.09.001,NULL,"Gong, SY",2021,2021-10-21,2021-11-02
Liu21k,10.1038/s41541-022-00462-4,NULL,"Liu, J",2021,2021-10-21,2022-08-12
Miyakawa21b,10.1101/2021.09.23.21264014,NULL,"Miyakawa, K",2021,2021-10-21,2021-10-28
Moriyama21,10.1016/j.immuni.2021.06.015,NULL,"Moriyama, S",2021,2021-10-21,2021-11-02
Muller21,10.1016/j.jcv.2021.104912,NULL,"Muller, K",2021,2021-10-28,2021-11-02
Parry21,10.7554/eLife.69375,NULL,"Parry, H",2021,2021-11-02,NULL
Andrade21,10.1038/s41541-021-00384-7,NULL,"Andrade, VM",2021,2021-11-09,NULL
Nadesalingam21,10.1016/S2666-5247(21)00157-9,NULL,"Nadesalingam, A",2021,2021-11-09,NULL
Reincke21,10.1126/science.abm5835,NULL,"Reincke, SM",2021,2021-11-09,2022-09-06
Ren22,10.1128/mbio.00099-22,NULL,"Ren, W",2021,2021-11-09,2022-08-12
Torres21,10.1073/pnas.2120976119,NULL,"Torres, J",2021,2021-11-09,2022-08-09
Wang21i,10.1016/j.lanwpc.2021.100276,NULL,"Wang, B",2021,2021-11-09,2022-01-17
Stadtmuller21,10.1093/ve/veac010,NULL,"Stadtmuller, M",2021,2021-11-09,2022-08-12
Wang21j,10.1038/s41541-021-00389-2,NULL,"Wang, B",2021,2021-11-09,NULL
Scheid21,10.1016/j.cell.2021.04.032,NULL,"Scheid, JF",2021,2021-11-10,2021-11-17
Margolis21,NULL,https://idweek.org/Margolis,"Margolis, D",2021,2021-11-10,NULL
Hayashi21,10.1101/2021.05.07.21256803,NULL,"Hayashi, T",2021,2021-11-10,NULL
Haveri21,10.1002/eji.202149535,NULL,"Haveri, A",2021,2021-11-11,NULL
Xie21b,10.24272/j.issn.2095-8137.2021.343,NULL,"Xie, X",2021,2021-11-11,2021-12-16
Cho21,10.1038/s41586-021-04060-7,NULL,"Cho, A",2021,2021-11-11,NULL
Greaney22b,10.1371/journal.ppat.1010248,NULL,"Greaney, AJ",2022,2021-11-11,2022-08-12
Drews21,10.1111/trf.16713,NULL,"Drews, SJ",2021,2021-11-11,NULL
Nguyen21,10.1093/infdis/jiab563,NULL,"Nguyen, D",2021,2021-11-11,NULL
Neerukonda21,10.3390/v13122485,NULL,"Neerukonda, SN",2021,2021-11-12,2022-04-20
Kitchin22,10.1016/j.xcrm.2022.100535,NULL,"Kitchin, D",2022,2021-11-12,2022-06-21
Zuckerman21b,10.2807/1560-7917.ES.2021.26.45.2100974,NULL,"Zuckerman, N",2021,2021-11-15,2021-12-16
Nussenblatt21,10.1093/infdis/jiab622,NULL,"Nussenblatt, V",2021,2021-11-15,2022-02-09
Borges21,10.1128/mSphere.00244-21,NULL,"Borges, V",2021,2021-11-16,NULL
Cele22,10.1016/j.chom.2022.01.005,NULL,"Cele, S",2022,2021-11-16,2022-02-10
Truffot21,10.3201/eid2710.211509,NULL,"Truffot, A",2021,2021-11-16,NULL
Mishra21,10.1101/2021.10.04.463028,NULL,"Mishra, T",2021,2021-11-17,NULL
Valleriani21,10.3390/v13102011,NULL,"Valleriani, F",2021,2021-11-18,NULL
Payne21,10.1016/j.cell.2021.10.011,NULL,"Payne, RP",2021,2021-11-22,2021-12-16
Baang21,10.1093/infdis/jiaa666,NULL,"Baang, JH",2021,2021-11-22,NULL
SARSrPrevalence,NULL,https://github.com/hivdb/covid-drdb-payload/wiki/Prevalence-of-Severe-Acute-Respiratory-Syndrome-related-Coronavirus-(SARSr),HIVDB,2021,2021-11-22,NULL
MproPrevalence,NULL,https://github.com/hivdb/covid-drdb-payload,HIVDB,2023,2023-10-04,NULL
Bronstein21,10.1002/jmv.27445,NULL,"Bronstein, Y",2021,2021-11-23,NULL
Schmidt21,10.1038/s41586-021-04005-0,NULL,"Schmidt, F",2021,2021-11-28,NULL
Lassauniere21,10.2807/1560-7917.ES.2021.26.49.2101059,NULL,"Lassaunière, R",2021,2021-11-29,NULL
Kant21,10.1101/2021.08.06.21261716,NULL,"Kant, R",2021,2021-11-29,NULL
Luke21,10.1101/2021.08.09.454215,NULL,"Luke, T",2021,2021-11-29,NULL
Choi21b,10.1038/s41591-021-01527-y,NULL,"Choi, A",2021,2021-11-30,2022-01-17
Guigon21,10.1016/j.jinf.2021.08.033,NULL,"Guigon, A",2021,2021-12-03,NULL
Hensley21,10.1093/cid/ciab072,NULL,"Hensley, MK",2021,2021-12-03,NULL
Williamson21,10.1101/2021.05.31.21257591,NULL,"Williamson, MK",2021,2021-12-03,NULL
Lohr21,10.1093/cid/ciab392,NULL,"Lohr, B",2021,2021-12-06,NULL
Mendes-Correa21,10.1101/2021.06.11.21257717,NULL,"Mendes-Correa, MC",2021,2021-12-06,NULL
Pommeret21,10.1016/j.annonc.2021.07.015,NULL,"Pommeret, F",2021,2021-12-07,NULL
Monrad21,10.1093/ofid/ofab295,NULL,"Monrad, I",2021,2021-12-07,NULL
Sabin22,10.1016/j.diagmicrobio.2022.115656,NULL,"Sabin, A",2022,2021-12-07,2022-02-10
Sepulcri21,10.1093/ofid/ofab217,NULL,"Sepulcri, C",2021,2021-12-07,NULL
Cele22c,10.1038/s41586-021-04387-1,NULL,"Cele, S",2021,2021-12-07,2022-03-03
Wilhelm21b,10.1101/2021.12.07.21267432,NULL,"Wilhelm, A",2021,2021-12-08,NULL
Cao22d,10.1038/s41586-021-04385-3,NULL,"Cao, Y",2022,2021-12-10,2022-01-18
Zhang21g,10.1080/22221751.2021.2017757,NULL,"Zhang, L",2021,2021-12-13,NULL
Rossler22,10.1056/NEJMc2119236,NULL,"Rossler, A",2022,2021-12-13,2022-06-13
Dejnirattisai21b,10.1016/S0140-6736(21)02844-0,NULL,"Dejnirattisai, W",2021,2021-12-13,2022-08-12
Nemet21,10.1056/NEJMc2119358,NULL,"Nemet, I",2021,2021-12-15,NULL
Zhang21f,10.1101/2021.05.15.21257254,NULL,"Zhang, X",2021,2021-12-15,NULL
Planas21c,10.1038/s41586-021-04389-z,NULL,"Planas, D",2021,2021-12-15,NULL
Doria-Rose21,10.1056/NEJMc2119912,NULL,"Doria-Rose, NA",2021,2021-12-16,2022-08-11
Cameroni21,10.1038/s41586-021-04386-2,NULL,"Cameroni, E",2021,2021-12-17,2022-01-24
Liu21l,10.1038/s41586-021-04388-0,NULL,"Liu, L",2021,2021-12-17,2022-01-24
Schmidt21b,10.1056/NEJMc2119641,NULL,"Schmidt, F",2021,2021-12-20,2022-08-12
VanBlargan22,10.1038/s41591-021-01678-y,NULL,"VanBlargan, LA",2022,2021-12-22,2022-01-24
AstraZenica21c,NULL,https://opendata.ncats.nih.gov/variant/datasets,AstraZenica,2021,2021-12-24,NULL
Lu21b,10.1093/cid/ciab1041,NULL,"Lu, L",2021,2021-12-24,NULL
Yu21c,10.1101/2021.12.17.21267961,NULL,"Yu, X",2021,2021-12-25,NULL
Changrob21,10.1128/mBio.02975-21,NULL,"Changrob, S",2021,2021-12-25,NULL
Zeng21b,10.1101/2021.12.16.472934,NULL,"Zeng, C",2021,2021-12-25,NULL
Dolzhikova21,10.1101/2021.12.17.21267976,NULL,"Dolzhikova, IV",2021,2021-12-25,NULL
Edara21d,10.1016/j.xcrm.2022.100529,NULL,"Edara, VV",2021,2021-12-25,NULL
Zou22b,10.1038/s41467-022-28544-w,NULL,"Zou, J",2021,2021-12-27,2022-06-20
Ai21,10.1080/22221751.2021.2022440,NULL,"Ai, J",2021,2021-12-27,NULL
Lusvarghi22,10.1126/scitranslmed.abn8543,NULL,"Lusvarghi, S",2022,2021-12-29,2022-05-20
Dejnirattisai22,10.1016/j.cell.2021.12.046,NULL,"Dejnirattisai, W",2022,2021-12-29,2022-02-07
Hoffmann22,10.1016/j.cell.2021.12.032,NULL,"Hoffmann, M",2022,2021-12-29,2022-01-24
Arien21,10.1038/s41541-022-00459-z,NULL,"Arien, KK",2021,2022-01-03,2022-01-17
Sheward22,10.1016/S1473-3099(22)00129-3,NULL,"Sheward, DJ",2022,2022-01-03,2022-03-23
Syed21,10.1101/2021.12.20.21268048,NULL,"Syed, AM",2021,2022-01-03,NULL
Wang22,10.1080/22221751.2022.2030200,NULL,"Wang, X",2022,2022-01-03,2022-01-17
Zhou21e,10.1126/science.abn8897,NULL,"Zhou, T",2021,2022-01-04,2022-03-25
Tada22,10.1016/j.ebiom.2022.103944,NULL,"Tada, T",2022,2022-01-06,2022-04-26
Touret22,10.1038/s41598-022-08559-5,NULL,"Touret, F",2022,2022-01-10,2022-03-23
Meng22,10.1038/s41586-022-04474-x,NULL,"Meng, B",2022,2022-01-19,2022-02-07
Jacobsen22,10.1038/s41598-022-22552-y,NULL,"Jacobsen, H",2022,2022-01-19,2023-04-04
Ikemura21,10.1101/2021.12.13.21267761,NULL,"Ikemura, N",2021,2022-01-19,NULL
Carreno21b,10.1038/s41586-022-04399-5,NULL,"Carreno, JM",2021,2022-01-21,2022-03-02
Lapa22,10.3390/vaccines10050817,NULL,"Lapa, D",2022,2022-01-25,2022-06-01
Bekliz21,10.1101/2021.12.28.21268491,NULL,"Bekliz, M",2021,2022-01-26,NULL
Boschi22,10.1093/cid/ciac143,NULL,"Boschi, C",2022,2022-01-26,2022-04-13
Garcia-Beltran22,10.1016/j.cell.2021.12.033,NULL,"Garcia-Beltran, WF",2022,2022-01-26,NULL
Gruell22,10.1038/s41591-021-01676-0,NULL,"Gruell, H",2022,2022-01-28,2022-03-03
Haveri21b,10.1002/eji.202149785,NULL,"Haveri, A",2021,2022-01-28,2022-09-09
Hu21d,10.1101/2021.12.24.474110,NULL,"Hu, J",2021,2022-01-28,NULL
Medigeshi22,10.1016/j.ebiom.2022.103938,NULL,"Medigeshi, G",2022,2022-01-28,2022-08-09
Takashita22,10.1056/NEJMc2119407,NULL,"Takashita, E",2022,2022-01-31,NULL
Lee22,10.1158/2159-8290.CD-21-1033,NULL,"Lee, CY",2022,2022-02-07,NULL
Cui22,10.1016/j.cell.2022.01.019,NULL,"Cui, Z",2022,2022-02-09,NULL
Lynch21,10.3201/eid2709.211159,NULL,"Lynch, M",2021,2022-02-09,NULL
Lechmere22,10.1128/mbio.03798-21,NULL,"Lechmere, T",2022,2022-02-09,2022-08-12
Iketani22,10.1038/s41586-022-04594-4,NULL,"Iketani, S",2022,2022-02-10,NULL
Newman22,10.1038/s41564-022-01163-3,NULL,"Newman, J",2021,2022-02-14,NULL
Basile21,10.1101/2021.12.12.472252,NULL,"Basile, K",2021,2022-02-15,NULL
Yu22,10.1056/NEJMc2201849,NULL,"Yu, J",2022,2022-02-11,2022-03-23
Nguyen21b,10.1016/j.lanwpc.2022.100474,NULL,"Nguyen, TP",2021,2022-02-15,2022-08-12
Zhou22,10.3390/v14061334,NULL,"Zhou, H",2022,2022-02-17,2022-08-09
Duty22,10.1016/j.medj.2022.08.002,NULL,"Duty, JA",2022,2022-02-17,2022-09-12
Ju22,10.1038/s41422-022-00638-6,NULL,"Ju, B",2022,2022-02-17,2022-04-13
Yamasoba22,10.1016/j.cell.2022.04.035,NULL,"Yamasoba, D",2022,2022-02-17,2022-08-16
Wang22b,10.1101/2022.01.30.478305,NULL,"Wang, Y",2022,2022-02-17,NULL
Brii21,NULL,https://opendata.ncats.nih.gov/variant/datasets?Brii,Brii bioscience,2021,2022-02-17,NULL
Cao22,10.1101/2022.02.07.479349,NULL,"Cao, Y",2022,2022-02-17,NULL
Chen22,10.1101/2022.01.12.22269023,NULL,"Chen, Z",2022,2022-02-17,NULL
Miyamoto22,10.1016/j.medj.2022.02.006,NULL,"Miyamoto, S",2022,2022-02-16,NULL
Thomson21,10.1016/j.cell.2021.01.037,NULL,"Thomson, EC",2021,2022-02-18,NULL
Zeng21,10.1128/mBio.02510-21,NULL,"Zeng, C",2021,2022-02-18,NULL
Uriu22,10.1093/infdis/jiac053,NULL,"Uriu, K",2022,2022-02-23,NULL
Muecksch22,10.1101/2022.02.14.480394,NULL,"Muecksch, F",2022,2022-02-23,NULL
Gaebler22,10.1093/ofid/ofac227,NULL,"Gaebler, C",2022,2022-02-24,2022-07-20
Debes22,10.1101/2022.01.26.22269819,NULL,"Debes, AK",2022,2022-02-25,NULL
FDA21c,NULL,https://www.fda.gov/media/154701/download,FDA,2021,2022-03-02,2022-03-17
Khan22b,10.1038/s41586-022-04830-x,NULL,"Khan, K",2022,2022-03-03,2022-06-14
Kumar21,10.7326/M21-3480,NULL,"Kumar, D",2021,2022-03-04,NULL
Assawakosri22,10.1093/infdis/jiac092,NULL,"Assawakosri, S",2022,2022-03-07,NULL
Nabel21,10.1126/science.abl6251,NULL,"Nabel, KG",2021,2022-03-08,NULL
Ma21,10.1038/s41421-022-00381-7,NULL,"Ma, H",2021,2022-03-13,2022-08-16
Takashita22b,10.1056/NEJMc2201933,NULL,"Takashita, E",2022,2022-03-17,NULL
Yuan22,10.1101/2022.03.13.484037,NULL,"Yuan, M",2022,2022-03-17,2022-08-02
Chatterjee22,10.1016/j.celrep.2022.110429,NULL,"Chatterjee, D",2022,2022-03-15,NULL
Bruel22,10.1038/s41591-022-01792-5,NULL,"Bruel, T",2022,2022-03-22,2022-03-25
Fenwick22,10.1101/2022.03.18.484873,NULL,"Fenwick, C",2022,2022-03-23,NULL
Case22,10.1038/s41467-022-31615-7,NULL,"Case, JB",2022,2022-03-23,2022-08-05
Imbrechts21,10.1101/2021.11.25.470011,NULL,"Imbrechts, M",2021,2022-03-24,NULL
Dussupt21,10.1038/s41590-021-01068-z,NULL,"Dussupt, V",2021,2022-03-24,NULL
Ding21,10.3389/fimmu.2021.693775,NULL,"Ding, C",2021,2022-03-24,NULL
Wang21k,10.1080/22221751.2021.2011623,NULL,"Wang, P",2021,2022-03-24,NULL
Chen21e,10.1038/s41586-021-03720-y,NULL,"Chen, RE",2021,2022-03-24,NULL
Chen22b,10.1080/22221751.2022.2035195,NULL,"Chen, L",2022,2022-03-23,NULL
FDA22,NULL,https://www.fda.gov/media/156152/download,FDA,2022,2022-03-28,2022-04-20
Harari22,10.1038/s41591-022-01882-4,NULL,"Harari, S",2022,2022-03-29,2023-04-07
Garcia-Vidal22,10.3389/fmicb.2022.826883,NULL,"Garcia-Vidal, C",2022,2022-03-29,NULL
Mancon22,10.1080/22221751.2022.2045877,NULL,"Mancon, A",2022,2022-03-29,2022-06-21
Sonnleitner22,10.1038/s41467-022-30163-4,NULL,"Sonnleitner, ST",2022,2022-03-29,2022-06-19
Taha21,10.1186/s12941-021-00491-2,NULL,"Taha, Y",2021,2022-03-30,NULL
McCarthy21,10.1126/science.abf6950,NULL,"McCarthy, KR",2021,2022-03-30,NULL
Cheng22,10.1038/s41591-022-01704-7,NULL,"Cheng, S",2022,2022-03-25,NULL
Vellas21,10.1016/j.cmi.2021.09.008,NULL,"Vellas, C",2021,2022-03-30,NULL
Hu22,10.1038/s41423-021-00836-z,NULL,"Hu, J",2022,2022-03-30,NULL
Alidjinou21,10.1007/s15010-021-01732-4,NULL,"Alidjinou, EK",2021,2022-03-31,NULL
Chatterjee22b,10.3390/v14010144,NULL,"Chatterjee, D",2022,2022-03-31,NULL
Alvarez-Diaz22b,10.1016/j.virusres.2021.198629,NULL,"Alvarez-Diaz, DA",2022,2022-03-31,NULL
Alvarez-Diaz22,10.3390/vaccines10020180,NULL,"Alvarez-Diaz, DA",2022,2022-04-01,NULL
Kurahashi22,10.1093/infdis/jiac178,NULL,"Kurahashi, Y",2022,2022-03-30,NULL
Banerjee22,10.1016/j.medj.2022.04.002,NULL,"Banerjee, A",2022,2022-04-01,2022-09-09
Truong21,10.1016/j.ebiom.2021.103355,NULL,"Truong, TT",2021,2022-04-03,NULL
Ciuffreda21,10.1016/j.jinf.2021.07.028,NULL,"Ciuffreda, L",2021,2022-04-04,NULL
Tarhini21,10.1093/infdis/jiab075,NULL,"Tarhini, H",2021,2022-04-04,NULL
Drouin21,10.3390/v13071202,NULL,"Drouin, AC",2021,2022-04-04,NULL
Mannar22,10.1126/science.abn7760,NULL,"Mannar, D",2022,2022-04-04,NULL
Rockett22,10.1056/NEJMc2120219,NULL,"Rockett, RJ",2022,2022-04-05,NULL
Maponga22,10.1093/cid/ciac548,NULL,"Maponga, TG",2022,2022-04-05,2023-03-31
Hoffman21,10.3201/eid2710.211461,NULL,"Hoffman, SA",2021,2022-04-05,NULL
Bailly21,10.1093/cid/ciab868,NULL,"Bailly, B",2021,2022-04-05,NULL
Gandhi22,10.1038/s41467-022-29104-y,NULL,"Gandhi, S",2022,2022-04-05,NULL
Lang-Meli22,10.1007/s10875-021-01193-2,NULL,"Lang-Meli, J",2022,2022-04-05,NULL
Fenaux21,10.1186/s12879-021-06902-1,NULL,"Fenaux, H",2021,2022-04-05,NULL
Leung22,10.1016/j.ijid.2021.10.045,NULL,"Leung, WF",2022,2022-04-06,NULL
Cabañero-Navalon22,10.1016/j.cmi.2021.10.021,NULL,"Cabañero-Navalon, MD",2022,2022-04-06,NULL
Chen22c,10.1016/S2666-5247(22)00060-X,NULL,"Chen, L",2022,2022-04-06,NULL
Zou22,10.1038/s41467-022-30580-5,NULL,"Zou, J",2022,2022-04-06,2022-05-31
Pederson22,10.3201/eid2806.220503,NULL,"Pederson, R",2022,2022-04-07,NULL
Kurhade22,10.1038/s41467-022-30681-1,NULL,"Kurhade, C",2022,2022-04-08,2022-08-05
Muik22,10.1126/science.abn7591,NULL,"Muik, A",2022,2022-04-11,NULL
Ai22,10.1016/j.chom.2022.05.001,NULL,"Ai, J",2022,2022-04-11,2022-06-10
Gruell22b,10.1016/j.chom.2022.07.002,NULL,"Gruell, H",2022,2022-04-12,2022-09-09
Ohashi22,10.1101/2022.02.27.482147,NULL,"Ohashi, H",2022,2022-04-12,NULL
Edara22,10.1101/2022.01.24.22269189,NULL,"Edara, VV",2022,2022-04-12,NULL
Ma22,10.1101/2022.02.25.482049,NULL,"Ma, H",2022,2022-04-13,NULL
Pelzek22,10.1101/2022.02.06.479332,NULL,"Pelzek, AJ",2022,2022-04-13,NULL
Schulz22,10.1002/eji.202249841,NULL,"Schulz, SR",2022,2022-04-13,NULL
Touret22b,10.1038/s41598-022-16964-z,NULL,"Touret, F",2022,2022-04-13,2022-07-25
Wang22c,10.1038/s41586-022-04466-x,NULL,"Wang, K",2022,2022-04-13,NULL
Stevens22,10.1101/2022.01.25.477724,NULL,"Stevens, LJ",2022,2022-04-14,NULL
Ma22b,10.1038/s41392-022-00931-1,NULL,"Ma, MJ",2022,2022-04-18,NULL
Destras22,10.1016/S2666-5247(22)00120-3,NULL,"Destras, G",2022,2022-04-18,2022-06-20
Leung22b,10.1093/cid/ciac458,NULL,"Leung, N",2022,2022-04-18,2022-06-10
Furukawa22,10.1101/2022.01.25.22269735,NULL,"Furukawa, K",2022,2022-04-22,NULL
Lee22b,10.1101/2022.01.28.21268247,NULL,"Lee, D",2022,2022-04-18,NULL
Xia22,10.1016/j.chom.2022.02.015,NULL,"Xia, H",2022,2022-04-18,2022-08-16
Gagne22,10.1101/2022.02.03.479037,NULL,"Gagne, M",2022,2022-04-26,NULL
Lee22c,10.1101/2022.01.31.478406,NULL,"Lee, IJ",2022,2022-04-28,NULL
Dougan22,10.1101/2022.03.10.22272100,NULL,"Dougan, M",2022,2022-05-03,NULL
Singanallur22,10.3389/fimmu.2022.883612,NULL,"Singanallur, NB",2022,2022-05-04,2022-06-13
Yu22b,10.1080/22221751.2022.2044271,NULL,"Yu, X",2022,2022-05-04,NULL
Khan22,10.1038/s41467-022-32396-9,NULL,"Khan, K",2022,2022-05-04,2022-09-06
Yamasoba22b,10.1016/S1473-3099(22)00365-6,NULL,"Yamasoba, D",2022,2022-05-04,2022-06-24
Cao22b,10.1038/s41586-022-04980-y,NULL,"Cao, Y",2022,2022-05-05,2022-08-16
Lyke22,10.1016/j.xcrm.2022.100679,NULL,"Lyke, K",2022,2022-05-02,2022-08-16
Singh22b,10.1101/2022.01.28.22269990,NULL,"Singh, J",2022,2022-05-03,NULL
Arora22,10.1016/S1473-3099(22)00224-9,NULL,"Arora, J",2022,2022-05-13,NULL
Mykytyn22,10.1126/sciimmunol.abq4450,NULL,"Mykytyn, AZ",2022,2022-05-13,2022-08-16
Ko22,10.1128/spectrum.00791-22,NULL,"Ko, KKK",2022,2022-05-19,NULL
Uraki22,10.1038/s41586-022-04856-1,NULL,"Ukraki, R",2022,2022-05-19,NULL
Lassauniere22,10.1001/jamanetworkopen.2022.12073,NULL,"Lassauniere, R",2022,2022-05-19,NULL
Qu22,10.1056/NEJMc2206725,NULL,"Qu, P",2022,2022-05-20,2022-08-08
Hachmann22,10.1056/NEJMc2206576,NULL,"Hachmann, N",2022,2022-05-20,2022-08-05
Arora22b,10.1016/j.chom.2022.04.017,NULL,"Arora, P",2022,2022-05-24,NULL
Suryawanshi22,10.1038/s41586-022-04865-0,NULL,"Suryawanshi, RK",2022,2022-05-25,NULL
Willett22,10.1101/2022.05.25.493397,NULL,"Willett, BJ",2022,2022-05-31,NULL
Wang22d,10.1038/s41586-022-05053-w,NULL,"Wang, Q",2022,2022-05-31,NULL
Tuekprakhon22,10.1016/j.cell.2022.06.005,NULL,"Tuekprakhon, A",2022,2022-06-01,2022-09-06
Zhou22b,10.1002/mco2.143,NULL,"Zhou, Z",2022,2022-06-01,NULL
Cheng22b,10.2807/1560-7917.ES.2022.27.18.2200178,NULL,"Cheng, SMS",2022,2022-06-01,NULL
Evans22,10.1016/j.chom.2022.04.014,NULL,"Evans, JP",2022,2022-06-01,NULL
Wang22e,10.1080/22221751.2022.2027219,NULL,"Wang, Y",2022,2022-06-01,NULL
Suntronwong22,10.3390/vaccines10030391,NULL,"Suntronwong, N",2022,2022-06-01,2022-09-06
Seaman22,10.1172/jci.insight.159944,NULL,"Seaman, M",2022,2022-06-07,2022-10-21
Franchini22,10.1111/trf.16887,NULL,"Franchini, M",2022,2022-06-07,NULL
PHE22,NULL,https://www.gov.uk/government/publications/covid-19-variants-genomically-confirmed-case-numbers/variants-distribution-of-case-data-7-june-2022,PHE,2022,2022-06-08,NULL
Perez-Then22,10.1101/2021.12.27.21268459,NULL,"Perez-Then, E",2022,2022-06-07,NULL
Vanshylla22,10.1101/2022.02.02.22270302,NULL,"Vanshylla, K",2022,2022-06-09,NULL
Sievers22,10.1126/scitranslmed.abn7842,NULL,"Sievers, B",2022,2022-06-09,NULL
Kurhade22b,10.1080/22221751.2022.2099305,NULL,"Kurhade, C",2022,2022-06-10,2022-10-14
Chen22d,10.1080/22221751.2022.2081614,NULL,"Chen, Y",2022,2022-06-13,NULL
Halfmann22,10.1126/scitranslmed.abm4908,NULL,"Halfmann, PJ",2022,2022-06-13,NULL
Evans22b,10.1056/NEJMc2205019,NULL,"Evans, JP",2022,2022-06-14,NULL
Rossler22b,10.1056/NEJMc2201607,NULL,"Rossler, A",2022,2022-06-14,NULL
Rossler22c,10.1101/2022.05.10.22274906,NULL,"Rossler, A",2022,2022-06-14,NULL
Manali22,10.1101/2022.05.06.490867,NULL,"Manali, M",2022,2022-06-15,NULL
Turelli22,10.1101/2022.05.02.22274436,NULL,"Turelli, P",2022,2022-06-16,NULL
Wratil22,10.1038/s41591-022-01715-4,NULL,"Wratil, P",2022,2022-06-16,NULL
Suntronwong22b,10.1101/2022.04.25.22274294,NULL,"Suntronwong, N",2022,2022-06-16,NULL
Chalkias22,10.21203/rs.3.rs-1555201/v1,NULL,"Chalkias, S",2022,2022-06-17,NULL
Huygens22,10.1101/2022.04.06.22273503,NULL,"Huygens, S",2022,2022-06-19,NULL
Gonzalez-Reiche22,10.1101/2022.05.25.22275533,NULL,"Gonzalez-Reiche, AS",2022,2022-06-19,NULL
Scherer22,10.1056/NEJMc2202861,NULL,"Scherer, EM",2022,2022-06-20,NULL
Seidel22,10.1101/2022.01.17.22269201,NULL,"Seidel, A",2022,2022-06-16,NULL
Vellas22,10.1016/j.cmi.2022.05.002,NULL,"Vellas, C",2022,2022-06-20,NULL
Lodi22,10.1093/cid/ciab538,NULL,"Lodi, L",2022,2022-06-20,NULL
Chansaenroj22,10.1101/2022.06.16.22276480,NULL,"Chansaenroj, J",2022,2022-06-20,NULL
Boshier22,10.1002/jmv.27285,NULL,"Boshier, FAT",2022,2022-06-20,NULL
Davis21,10.1371/journal.ppat.1010022,NULL,"Davis, C",2021,2022-06-20,NULL
Bowen22,10.1101/2022.03.15.484542,NULL,"Bowen, JE",2022,2022-06-20,NULL
Servellita22,10.1016/j.cell.2022.03.019,NULL,"Servellita, V",2022,2022-06-21,NULL
Zhu22,10.1093/infdis/jiac149,NULL,"Zhu, KL",2022,2022-06-21,NULL
Álvarez22,10.3390/microorganisms10010143,NULL,"Álvarez, H",2022,2022-06-21,NULL
Atmar21,10.1101/2021.10.10.21264827,NULL,"Atmar, R",2021,2022-06-21,NULL
Pickering22,10.1038/s41564-022-01298-3,NULL,"Pickering, B",2022,2022-06-21,2023-04-03
Leung22c,10.1101/2022.01.20.22269586,NULL,"Leung, N",2022,2022-06-22,NULL
Peng22,10.1101/2022.03.07.483373,NULL,"Peng, P",2022,2022-06-22,NULL
Cele22b,10.1101/2022.04.15.22273711,NULL,"Cele, S",2022,2022-06-22,NULL
Varese22,10.1093/infdis/jiac250,NULL,"Varese, A",2022,2022-06-24,NULL
Stuart21,10.1016/S0140-6736(21)02718-5,NULL,"Stuart, A",2021,2022-6-24,NULL
Du22,10.1126/sciimmunol.abp9312,NULL,"Du, W",2022,2022-06-24,NULL
Chandrashekar22,10.1016/j.cell.2022.03.024,NULL,"Chandrashekar, A",2022,2022-06-24,NULL
Evans21,10.1101/2021.12.06.471455,NULL,"Evans, JP",2021,2022-06-25,NULL
Kuzmina21b,10.1016/j.isci.2021.103467,NULL,"Kuzmina, A",2021,2022-06-27,NULL
Wang21l,10.1080/22221751.2021.2008775,NULL,"Wang, M",2021,2022-06-27,NULL
Kaleta22,10.1038/s41467-022-28766-y,NULL,"Kaltea, T",2021,2022-06-28,NULL
Tober-Lau22,10.3201/eid2805.220271,NULL,Tober-Lau22,2022,2022-06-28,NULL
Scheepers22,10.1038/s41467-022-29579-9,NULL,"Scheepers, C",2022,2022-06-28,NULL
Agudelo22,10.1084/jem.20220367,NULL,"Agudelo, M",2022,2022-07-11,NULL
Launay22,10.1056/NEJMc2206711,NULL,"Launay, O",2022,2022-07-11,NULL
Chuang22,10.1016/j.jcv.2022.105328,NULL,"Chuang, CH",2022,2022-07-18,2023-04-03
Tada22b,10.1016/j.celrep.2021.110237,NULL,"Tada, T",2022,2022-07-18,NULL
Huang22,10.1016/j.immuni.2022.06.005,NULL,"Huang, M",2022,2022-07-18,NULL
Stalls22,10.1016/j.celrep.2022.111009,NULL,"Stalls, V",2022,2022-07-19,NULL
Naranbhai22,10.1093/infdis/jiab593,NULL,"Naranbhai, V",2022,2022-07-19,NULL
Yamasoba22c,10.1101/2022.07.14.500041,NULL,"Yamasoba, D",2022,2022-07-19,NULL
Chalkias22b,10.1056/NEJMoa2208343,NULL,"Chalkias, S",2022,2022-07-19,2022-10-13
Arora22c,10.1016/j.celrep.2022.110754,NULL,"Arora, P",2022,2022-07-19,NULL
Branche22,10.1101/2022.07.12.22277336,NULL,"Branche, AR",2022,2022-07-21,NULL
Sheward22b,10.1101/2022.07.19.500716,NULL,"Sheward, DJ",2022,2022-07-25,NULL
Lu21c,10.1016/j.ebiom.2021.103544,NULL,"Lu, L",2021,2022-07-25,NULL
Wang22m,10.1038/s41467-022-31929-6,NULL,"Wang, L",2022,2022-07-25,2022-08-10
Sahay22,10.1016/j.jinf.2022.02.018,NULL,"Sahay, RR",2022,2022-07-25,NULL
Tan21,10.1101/2021.12.02.21267198,NULL,"Tan, CS",2021,2022-07-25,NULL
Cao21b,10.1038/s41422-021-00514-9,NULL,"Cao, Y",2021,2022-07-25,NULL
Bhiman22,10.1038/s41598-023-27698-x,NULL,"Bhiman, JN",2022,2022-07-26,2023-04-03
Greaney22,10.1371/journal.ppat.1010592,NULL,"Greaney, AJ",2022,2022-07-26,NULL
Liu22,10.1126/scitranslmed.abn6859,NULL,"Liu, L",2022,2022-07-26,NULL
Wang22g,10.1101/2022.07.05.498883,NULL,"Wang, W",2022,2022-07-26,NULL
Niyomnaitham22,10.1080/21645515.2022.2091865,NULL,"Niyomnaitham, S",2022,2022-07-26,NULL
Seki22,10.1016/j.medj.2022.04.013,NULL,"Seki, Y",2022,2022-07-26,NULL
Assawakosri22b,10.1016/j.ijid.2022.07.038,NULL,"Assawakosri, S",2022,2022-07-28,NULL
Richardson22,10.1101/2022.07.14.500039,NULL,"Richardson, SI",2022,2022-07-28,NULL
Cowling22,10.1101/2022.07.18.22277741,NULL,"Cowling, BJ",2022,2022-07-29,NULL
Cao22c,10.1016/j.chom.2022.09.018,NULL,"Cao, Y",2022,2022-07-29,2022-11-07
Zhao22,10.1056/NEJMc2206900,NULL,"Zhao, X",2022,2022-07-29,NULL
Arora22d,10.1038/s41423-022-00870-5,NULL,"Arora, P",2022,2022-07-29,NULL
Moy22,doi.org/10.1093/infdis/jiac261,NULL,"Moy, JN",2022,2022-08-01,NULL
Choi22,10.3389/fcimb.2022.948014,NULL,"Choi, JY",2022,2022-08-01,NULL
Misasi22,10.1101/2022.07.29.502029,NULL,"Misasi, J",2022,2022-08-02,NULL
Xie22,10.1016/j.celrep.2022.111729,NULL,"Xie, X",2022,2022-08-02,2023-04-05
Turelli22b,10.1101/2022.07.28.501852,NULL,"Turelli, P",2022,2022-08-02,NULL
EMA21,NULL,https://www.ema.europa.eu/en/documents/referral/regn-cov2-antibody-combination-casirivimab/imdevimab-covid19-article-53-procedure-assessment-report_en.pdf,EMA,2021,2022-08-09,NULL
Arora22e,10.1016/S1473-3099(22)00422-4,NULL,"Arora, P",2022,2022-07-30,NULL
Wang22h,10.1016/j.chom.2022.09.002,NULL,"Wang, Q",2022,2022-08-10,2022-10-14
Muik22b,10.1126/sciimmunol.ade2283,NULL,"Muik, A",2022,2022-08-08,2022-10-14
Wang22i,10.1038/s41421-022-00472-5,NULL,"Wang, X",2022,2022-08-11,2023-04-05
Tauzin22,10.1101/2022.08.03.22278386,NULL,"Tauzin, A",2022,2022-08-11,NULL
Takashita22c,10.1056/NEJMc2207519,NULL,"Takashita, E",2022,2022-08-15,NULL
Gruell22c,10.1016/S1473-3099(22)00580-1,NULL,"Gruell, H",2022,2022-08-15,2022-10-12
Qu22b,10.1016/j.chom.2022.09.015,NULL,"Qu, P",2022,2022-08-17,2022-10-18
Schultz22,10.1128/mbio.01423-22,NULL,"Schultz, BM",2022,2022-08-24,NULL
Qu22c,10.1056/NEJMc2210546,NULL,"Qu, P",2022,2022-08-24,2022-10-13
Linderman22,10.1101/2022.08.21.22278552,NULL,"Linderman, SL",2022,2022-08-24,NULL
Melo-Gonzalez22,10.1101/2022.08.22.22279080,NULL,"Melo-Gonzalez, F",2022,2022-08-30,NULL
Leung22d,10.1101/2022.08.25.22279158,NULL,"Leung, NH",2022,2022-08-30,NULL
Graham22,10.1101/2022.08.04.22278160,NULL,"Graham, C",2022,2022-08-30,NULL
Saito22,10.1016/j.chom.2022.10.003,NULL,"Saito, A",2022,2022-09-01,2022-11-08
Duan22,10.1016/j.isci.2022.104886,NULL,"Duan, LJ",2022,2022-09-05,NULL
Medits22,10.3389/fimmu.2022.946318,NULL,"Medits, I",2022,2022-09-07,NULL
Hao22,10.1101/2022.08.12.22278720,NULL,"Hao, L",2022,2022-09-07,NULL
EMA21b,NULL,https://www.ema.europa.eu/en/documents/referral/eli-lilly-company-limited-antibody-combination-bamlanivimab/etesevimab-covid19-article-53-procedure-assessment-report_en.pdf,EMA,2021,2022-09-08,NULL
EMA21c,NULL,https://www.ema.europa.eu/en/documents/product-information/regkirona-epar-product-information_en.pdf,EMA,2021,2022-09-08,NULL
Behrens22,10.1038/s41467-022-32527-2,NULL,"Behrens, G",2022,2022-09-08,NULL
EMA21d,NULL,https://www.ema.europa.eu/en/documents/product-information/xevudy-epar-product-information_en.pdf,EMA,2021,2022-09-08,NULL
EMA21e,NULL,https://www.ema.europa.eu/en/documents/product-information/evusheld-epar-product-information_en.pdf,EMA,2021,2022-09-08,NULL
Greaney22c,NULL,https://github.com/jbloomlab/SARS-CoV-2-RBD_MAP_COV2-2955,JBloom,2022,2022-09-19,NULL
Bloom22,NULL,https://github.com/jbloomlab/SARS2_RBD_Ab_escape_maps,"Bloom, J",2022,2022-09-20,NULL
Goes22,NULL,10.3389/fmicb.2022.946549,"Goes, L",2022,2022-09-20,NULL
Srisutthisamphan22,10.3390/v14081793,NULL,"Srisutthisamphan, K",2022,2022-09-12,NULL
Wang22j,10.1016/S1473-3099(22)00694-6,NULL,"Wang, Q",2022,2022-09-20,2022-11-07
Scheaffer22,10.1101/2022.09.12.507614,NULL,"Scheaffer, S",2022,2022-09-21,NULL
Brazer22,10.1093/infdis/jiac384,NULL,"Brazer, N",2022,2022-09-23,NULL
Jiang22,10.1080/22221751.2022.2095931,NULL,"Jiang, HD",2022,2022-09-22,NULL
Starr22,10.1126/science.abo7896,NULL,"Starr, TN",2022,2022-09-26,NULL
Starr22b,10.1101/2022.09.20.508745,NULL,"Starr, TN",2022,2022-09-26,NULL
Sheward22c,10.1101/2022.09.16.508299,NULL,"Sheward, DJ",2022,2022-10-04,NULL
Cao22e,10.1038/s41586-022-05644-7,NULL,"Cao, Y",2022,2022-10-10,2023-01-18
Takashita22d,10.1056/NEJMc2209952,NULL,"Takashita, E",2022,2022-10-11,NULL
Gilchuk22,10.1016/j.isci.2021.103602,NULL,"Gilchuk, P",2022,2022-10-17,NULL
House22,10.1371/journal.pone.0267796,NULL,"House, RV",2022,2022-10-17,NULL
Cobb22,10.1016/j.medj.2022.01.004,NULL,"Cobb, RR",2022,2022-10-17,NULL
Gliga22,10.1093/cid/ciac802,NULL,"Gliga, S",2022,2022-10-17,NULL
Simons22,10.1111/tid.13914,NULL,"Simons, LM",2022,2022-10-18,NULL
Aggarwal22,10.1038/s41564-022-01135-7,NULL,"Aggarwal, A",2022,2022-10-17,NULL
Vellas22b,10.1016/j.jinf.2022.07.014,NULL,"Vellas, C",2022,2022-10-19,NULL
Aggarwal22b,10.1016/j.ebiom.2022.104270,NULL,"Aggarwal, A",2022,2022-10-19,NULL
Choi22b,10.1016/j.jinf.2022.09.018,NULL,"Choi, MJ",2022,2022-10-20,NULL
Shen22,10.1056/NEJMc2210648,NULL,"Shen, X",2022,2022-10-20,NULL
Andres22,10.1016/j.cmi.2022.08.021,NULL,"Andres, C",2022,2022-10-21,NULL
Ragonnet-Cronin22,10.1101/2022.07.14.500063,NULL,"Ragonnet-Cronin, M",2022,2022-10-21,NULL
Qu22d,10.1016/j.chom.2022.11.012,NULL,"Qu, P",2022,2022-10-24,2023-04-05
Hachmann22b,10.1056/NEJMc2212117,NULL,"Hachmann, NP",2022,2022-10-24,NULL
Park22,10.1126/science.adc9127,NULL,"Park, Y",2022,2022-10-24,NULL
Reynolds22,10.1126/science.abq1841,NULL,"Reynolds, C",2022,2022-10-24,NULL
Jian22,10.1016/S1473-3099(22)00642-9,NULL,"Jian, F",2022,2022-10-26,NULL
Musso22,10.1016/j.ijid.2022.02.044,NULL,"Musso, N",2022,2022-10-28,NULL
Martinot22,10.1093/cid/ciaa1474,NULL,"Martinot, M",2022,2022-10-26,NULL
Iketani22c,10.1038/s41586-022-05514-2,NULL,"Iketani, S",2022,2022-11-03,NULL
Iketani22b,10.1016/j.chom.2022.08.003,NULL,"Iketani, S",2022,2022-11-03,NULL
Zhou22c,10.1126/sciadv.add7197,NULL,"Zhou, Y",2022,2022-11-03,2023-03-28
Jochmans23,10.1128/mbio.02815-22,NULL,"Jochmans, D",2023,2022-11-07,2023-03-31
Heilmann22,10.1126/scitranslmed.abq7360,NULL,"Heilmann, E",2022,2022-11-07,NULL
Ullrich22,10.1016/j.bmcl.2022.128629,NULL,"Ullrich, S",2022,2022-11-07,NULL
Sasi22,10.1021/acs.biochem.2c00489,NULL,"Sasi, VM",2022,2022-11-08,NULL
Noske23,10.1016/j.jbc.2023.103004,NULL,"Noske, GD",2023,2022-11-08,2023-03-31
Oliveira23,10.1021/acs.jcim.3c00344,NULL,"Oliveira, VMD",2022,2022-11-08,2023-09-19
FDA23-NTV,NULL,https://www.fda.gov/media/155050/download,FDA,2021,2022-11-08,2022-11-20
Moghadasi23b,10.1126/sciadv.ade8778,NULL,"Moghadasi, SA",2022,2022-11-09,2023-09-19
Miller23,10.1056/NEJMc2214314,NULL,"Miller, J",2023,2022-11-09,2023-04-04
Tan23,10.1021/acs.accounts.2c00735,NULL,"Tan, B",2022,2022-11-09,2023-03-28
Kurhade23,10.1038/s41591-022-02162-x,NULL,"Kurhade, C",2023,2022-11-09,2023-04-04
Atari22,10.2807/1560-7917.ES.2022.27.44.2200785,NULL,"Atari, N",2022,2022-11-09,NULL
Ou23,10.1371/journal.ppat.1011592,NULL,"Ou, J",2022,2022-11-09,2023-09-19
Checkmahomed22,10.1128/aac.00198-22,NULL,"Checkmahomed, L",2022,2022-11-10,NULL
Huo22,10.1038/s41421-022-00482-3,NULL,"Huo, J",2022,2022-11-09,NULL
Luczkowiak22,10.1002/jmv.28268,NULL,"Luczkowiak, J",2022,2022-11-10,NULL
Szemiel21,10.1371/journal.ppat.1009929,NULL,"Szmiel, AM",2021,2022-11-10,NULL
Agostini18,10.1128/mBio.00221-18,NULL,"Agostini, ML",2018,2022-11-10,NULL
Pitts22,10.1128/aac.00222-22,NULL,"Pitts, J",2022,2022-11-10,NULL
Kliker22,10.2807/1560-7917.ES.2022.27.30.2200559,NULL,"Kliker, L",2022,2022-11-10,NULL
Li21e,10.46234/ccdcw2021.163,NULL,"Li, L",2021,2022-11-11,NULL
Ueno22,10.1016/j.antiviral.2022.105297,NULL,"Ueno, M",2022,2022-11-11,NULL
Hogan22,10.1093/cid/ciac769,NULL,"Hogan, JI",2022,2022-11-13,NULL
Heyer22,10.1016/j.xcrm.2022.100735,NULL,"Heyer, A",2022,2022-11-13,NULL
Martin21,10.1101/2021.02.23.21252268,NULL,"Martin, DP",2022,2022-11-13,NULL
Yang22,10.1021/acs.jmedchem.2c00404,NULL,"Yang, KS",2022,2022-11-14,NULL
Kaku22,10.1101/2022.09.21.508922,NULL,"Kaku, CI",2022,2022-11-15,NULL
Laubscher21,10.3390/microorganisms9102145,NULL,"Laubscher, F",2022,2022-11-16,NULL
Torii22,10.1101/2022.02.22.481436,NULL,"Torii, S",2022,2022-11-16,NULL
Planas22,10.1016/j.medj.2022.09.010,NULL,"Planas, D",2022,2022-11-17,NULL
Wang22k,10.1101/2022.10.22.513349,NULL,"Wang, Q",2022,2022-11-17,NULL
Madhi22,10.1016/S1473-3099(22)00596-5,NULL,"Madhi, SA",2022,2022-11-17,NULL
Collier22,10.1101/2022.10.24.513619,NULL,"Collier, AY",2022,2022-11-18,NULL
Zhu22b,10.1016/j.virs.2022.10.006,NULL,"Zhu, Y",2022,2022-11-18,NULL
Chen22e,10.1016/j.celrep.2022.111528,NULL,"Chen, Z",2022,2022-11-18,NULL
Park22b,10.1126/science.abm8143,NULL,"Park, Y",2022,2022-11-18,NULL
Fahnøe22,10.3390/v14020172,NULL,"Fahnøe, U",2022,2022-11-20,NULL
Muik22c,10.1126/sciimmunol.ade9888,NULL,"Muik, A",2022,2022-11-21,NULL
Riddell22,10.1093/cid/ciac409,NULL,"Riddell, AC",2022,2022-11-21,NULL
Planas23,10.1038/s41467-023-36561-6,NULL,"Planas, D",2023,2022-11-21,NULL
Zou23,10.1056/NEJMc2214916,NULL,"Zou, J",2023,2022-11-21,2023-02-03
Arora22f,10.1016/S1473-3099(22)00733-2,NULL,"Arora, P",2022,2022-12-15,NULL
Touret23,10.1016/j.isci.2023.106413,NULL,"Touret, F",2023,2023-01-06,2023-04-04
Yue23,10.1101/2023.01.03.522427,NULL,"Yue, C",2023,2023-01-09,NULL
Huo22b,10.1016/j.celrep.2022.111903,NULL,"Huo, J",2022,2023-01-10,NULL
Assawakosri22c,10.1101/2022.11.24.22282735,NULL,"Assawakosri, S",2022,2023-01-11,NULL
Bruel22b,10.1016/j.xcrm.2022.100850,NULL,"Bruel, T",2022,2023-01-12,NULL
Wang22n,10.1002/jmv.28407,NULL,"Wang, Q",2022,2023-01-12,NULL
Akerman23,10.1016/j.ebiom.2023.104545,NULL,"Akerman, A",2022,2023-01-12,2023-04-26
Li22,10.3390/vaccines10122111,NULL,"Li, J",2022,2023-01-13,NULL
Wang22l,10.1016/j.cell.2022.12.018,NULL,"Wang, Q",2022,2023-01-09,2023-01-23
Zhang22b,10.1016/j.tmaid.2022.102531,NULL,"Zhang, Y",2023,2023-02-01,NULL
Davis-Gardner22,10.1056/NEJMc2214293,NULL,"Davis-Gardner, ME",2023,2023-02-03,NULL
Vikse23,10.1111/irv.13144,NULL,"Vikse, EL",2023,2023-02-03,2023-12-14
Pušnik23,10.1038/s41467-023-36250-4,NULL,"Pušnik, J",2023,2023-02-07,NULL
Entzminger23,10.1101/2023.01.25.525589,NULL,"Entzminger, K",2023,2023-02-07,NULL
Addetia23,10.1101/2023.01.17.523798,NULL,"Addetia, A",2023,2023-02-07,NULL
Shen23,10.1002/jmv.28516,NULL,"Shen, F",2023,2023-02-07,NULL
Uriu23,10.1016/S1473-3099(23)00051-8,NULL,"Uriu, K",2023,2023-02-15,NULL
Lasrado23,10.1101/2023.01.22.525079,NULL,"Lasrado, N",2023,2023-02-15,NULL
Chen23,10.1002/jmv.28539,NULL,"Chen, Z",2023,2023-02-15,NULL
Wang23,10.1101/2023.02.07.527406,NULL,"Wang, X",2023,2023-02-16,NULL
Arora23,10.1016/S1473-3099(22)00831-3,NULL,"Arora, P",2023,2023-02-17,NULL
Branche23,10.1093/cid/ciad209,NULL,"Branche, A",2023,2023-02-16,2023-03-28
Zuo23,10.1101/2023.02.02.23285205,NULL,"Zuo, F",2023,2023-02-17,NULL
Hoffmann23,10.1038/s41423-023-00988-0,NULL,"Hoffman, M",2023,2023-03-13,NULL
Roe23,10.1128/spectrum.00333-23,NULL,"Roe, T",2023,2023-03-13,NULL
Stich23,10.1002/jmv.28582,NULL,"Stich, M",2023,2023-03-14,NULL
Filardi23,10.1126/scitranslmed.ade6023,NULL,"Filardi, B",2023,2023-03-13,NULL
Wang23b,10.1101/2023.02.13.528341,NULL,"Wang, Q",2023,2023-03-17,NULL
Tauzin23,10.3390/vaccines11020242,NULL,"Tauzin, A",2023,2023-03-13,NULL
Chen23b,10.1021/acscentsci.3c00054,NULL,"Chen, SA",2023,2023-03-27,NULL
Kawashima23,10.1016/j.bbrc.2023.01.040,NULL,"Kawashima, S",2023,2023-03-27,NULL
Unoh22,10.1021/acs.jmedchem.2c00117,NULL,"Unoh, Y",2022,2023-03-27,NULL
Moghadasi23c,10.1038/s44259-023-00009-0,NULL,"Moghadasi, SA",2023,2023-03-28,2023-09-19
Greasley22,10.1016/j.jbc.2022.101972,NULL,"Greasley, SE",2022,2023-03-28,NULL
Lan23,10.1101/2022.12.31.522389,NULL,"Lan, S",2023,2023-03-28,NULL
Rosales22,10.1101/2022.01.17.476685,NULL,"Rosales, R",2022,2023-03-28,NULL
Tong23,NULL,https://www.croiconference.org/abstract/mechanism-and-resistance-studies-of-sars-cov-2-mpro-inhibitor-pomotrelvir-pbi-0451/,"Tong, X",2023,2023-03-28,NULL
Rodriguez23,NULL,https://www.croiconference.org/abstract/remdesivir-resistance-analyses-from-the-pinetree-study-in-outpatients-with-covid-19/,"Rodriguez, L",2023,2023-03-28,NULL
Rodriguez23b,NULL,https://www.croiconference.org/abstract/remdesivir-retains-potent-activity-against-sars-cov-2-variants-of-concern/,"Rodriguez, L",2023,2023-03-28,NULL
Dioverti22,10.1093/ofid/ofac064,NULL,"Dioverti, MV",2022,2023-03-28,NULL
Caccuri22,10.1093/ve/veac042,NULL,"Caccuri, F",2022,2023-03-28,NULL
Brandolini22,10.1038/s41598-022-16533-4,NULL,"Brandolini, M",2022,2023-03-29,NULL
Shapira22,10.1101/2022.06.25.22276445,NULL,"Shapira, G",2022,2023-03-28,NULL
Spinicci22,10.1007/s10875-022-01313-6,NULL,"Spinicci, M",2022,2023-03-30,NULL
Han23,NULL,https://www.askgileadmedical.com/docs/conference/Han_SARS-CoV-2%20Replicon%20System%20for%20the%20Phenotypic%20Evaluation%20of%20Nsp%20Gene%20Substitutions@pdf,"Han, D",2023,2023-03-31,NULL
Chaguza23,10.1016/j.xcrm.2023.100943,NULL,"Chaguze, C",2023,2023-03-31,NULL
Fournelle22,10.1101/2022.10.19.512884,NULL,"Fournelle, D",2022,2023-03-31,NULL
Uraki23,10.1016/S1473-3099(23)00070-1,NULL,"Uraki, R",2023,2023-04-05,NULL
Guo23,10.1016/j.isci.2023.106283,NULL,"Guo, H",2023,2023-04-05,NULL
Khosravi23,10.1093/ofid/ofad054,NULL,"Khosravi, D",2023,2023-04-05,NULL
Lee22d,10.1080/21505594.2022.2101198,NULL,"Lee, JS",2022,2023-04-05,NULL
He23,10.1016/j.xcrm.2023.100991,NULL,"He, Q",2023,2023-04-10,NULL
Wang23c,10.1101/2023.03.22.533805,NULL,"Wang, Q",2023,2023-04-06,NULL
Qu23,10.1101/2023.01.16.524244,NULL,"Qu, P",2023,2023-04-25,NULL
Mykytyn23,10.1016/S2666-5247(22)00384-6,NULL,"Mykytyn, AZ",2023,2023-04-25,NULL
Miyamoto23,10.1101/2023.02.08.23285673,NULL,"Miyamoto, S",2023,2023-04-25,NULL
Gallian23,10.1111/vox.13418,NULL,"Gallian, P",2023,2023-04-26,NULL
Cheung23,10.1002/jmv.28694,NULL,"Cheung, AKL",2023,2023-04-26,NULL
Yamasoba23,10.1016/S1473-3099(23)00278-5,NULL,"Yamasoba, D",2023,2023-04-26,2023-05-15
Focosi22,10.1016/j.jcvp.2022.100097,NULL,"Focosi, D",2022,2023-05-01,NULL
Jary22,10.3390/v14020226,NULL,"Jary, A",2022,2023-05-01,NULL
Gupta23,10.1172/JCI166032,NULL,"Gupta, A",2023,2023-05-01,NULL
Liu23,10.1101/2023.04.08.536123,NULL,"Liu, L",2023,2023-05-02,NULL
Halfmann22b,10.1093/ve/veac104,NULL,"Halfmann, PJ",2022,2023-05-02,NULL
Boucau22,10.1016/j.xcrm.2022.100678,NULL,"Boucau, J",2022,2023-05-03,NULL
Nair23,10.1016/j.isci.2023.106345,NULL,"Nair, MS",2023,2023-05-03,NULL
Sacco22,10.1038/s41422-022-00640-y,NULL,"Sacco22, MD",2022,2023-05-03,NULL
Cox22,10.1101/2022.11.20.517271,NULL,"Cox, RM",2022,2023-05-03,NULL
Francica23,NULL,https://www.astrazeneca.com/media-centre/press-releases/2023/eccmid-data-reinforces-astrazenecas-commitment-to-transform-protection-for-the-most-vulnerable-by-advancing-science-in-vaccines-and-immune-therapies.html,"Francica, JR",2023,2023-06-16,NULL
Francica23b,NULL,https://congresspublication.com/fbkgfb,"Francica, JR",2023,2023-10-11,NULL
Wu23,10.1016/j.ccell.2023.04.005,NULL,"Wu, M",2023,2023-06-27,NULL
Kiso23,10.1038/s41467-023-39704-x,NULL,"Kiso, M",2023,2023-08-15,NULL
Jiang23,10.1021/acs.biochem.3c00075,NULL,"Jiang, H",2023,2023-08-16,NULL
Kiso23b,10.1038/s41467-023-40018-1,NULL,"Kiso, M",2023,2023-08-16,NULL
Lin23,10.1038/s42003-023-05071-y,NULL,"Lin, M",2023,2023-08-16,NULL
Takashita23,10.1016/j.antiviral.2023.105671,NULL,"Takashita, E",2023,2023-08-16,NULL
Flynn23,10.1021/acsinfecdis.3c00125,NULL,"Flynn, JM",2023,2023-08-16,NULL
Yang23,10.1101/2023.09.01.555815,NULL,"Yang, S",2023,2023-09-11,NULL
Hu23,10.1021/acscentsci.3c00538,NULL,"Hu, Y",2023,2023-09-18,NULL
Bruel23,10.1101/2023.05.25.23290512,NULL,"Bruel, T",2023,2023-09-25,NULL
Yang23b,10.3346/jkms.2023.38.e205,NULL,"Yang, J",2023,2023-09-21,NULL
Yisimayi23,10.1101/2023.05.01.538516,NULL,"Yisimayi, A",2023,2023-09-29,NULL
Uriu23b,10.1016/S1473-3099(23)00575-3,NULL,"Uriu, K",2023,2023-10-03,NULL
Ju23,10.1093/nsr/nwad148,NULL,"Ju, B",2023,2023-10-04,NULL
Sheward23,10.1101/2023.09.02.556033,NULL,"Sheward, D",2023,2023-10-03,NULL
Zuckerman23,10.1093/cid/ciad494,NULL,"Zuckerman, NS",2023,2023-12-11,NULL
Hirotsu23,10.1016/j.medj.2023.08.001,NULL,"Hirotsu, Y",2023,2023-12-11,NULL
Palomino-Cabrera23,10.1128/aac.00266-23,NULL,"Palomino-Cabrera, R",2023,2023-12-11,NULL
Kaku23,10.1101/2023.08.08.552415,NULL,"Kaku, Y",2023,2023-12-12,NULL
Faraone23,10.1016/j.celrep.2023.113193,NULL,"Faraone, JN",2023,2023-12-12,NULL
Song23,10.1101/2023.04.26.538488,NULL,"Song, G",2023,2023-12-12,NULL
Ito23,10.1038/s41467-023-38188-z,NULL,"Ito, J",2023,2023-12-13,NULL
Faraone23b,10.1016/j.xcrm.2023.101049,NULL,"Faraone, JN",2023,2023-12-13,NULL
Branche23b,10.1038/s41591-023-02503-4,NULL,"Branche, AR",2023,2023-12-14,NULL
Sutandhio23,10.1016/j.jiph.2023.05.004,NULL,"Sutandhio, S",2023,2023-12-15,NULL
Krismer23,10.1101/2023.12.04.569917,NULL,"Krismer, L",2023,2023-12-19,NULL
Bouzidi23,10.1101/2023.11.22.568013,NULL,"Bouzidi, HS",2023,2023-12-19,NULL
Yang23c,10.1016/S1473-3099(23)00573-X,NULL,"Yang, S",2023,2024-01-26,NULL
Jian23,10.1371/journal.ppat.1011868,NULL,"Yang, S",2023,2024-01-26,NULL
Qu23b,10.1016/j.cell.2023.12.026,NULL,"Yang, S",2023,2024-01-26,NULL
FDA24,,https://www.fda.gov/media/177067/download,FDA,2024,2024-03-01,NULL
Wang24,10.1101/2024.08.12.607496,NULL,"Wang, Q",2024,2024-08-15,NULL
