iso_name,var_name,site_directed,gisaid_id,genbank_accn,sra_accn,expandable
hCoV-19/Italy/LOM-INMI-10734/2020,B.1,FALSE,568579,NULL,NULL,TRUE
B.1.1.298 Spike,B.1.1.298,FALSE,NULL,NULL,NULL,TRUE
S:69del+70del+453F+614G+692V+1229I,B.1.1.298,FALSE,NULL,NULL,NULL,TRUE
B.1.1.298 full genome,B.1.1.298,FALSE,NULL,NULL,NULL,TRUE
B.1.1.7 full genome,Alpha,FALSE,NULL,NULL,NULL,TRUE
B.1.1.7 S1,Alpha,FALSE,NULL,NULL,NULL,TRUE
B.1.1.7 Spike,Alpha,FALSE,NULL,NULL,NULL,TRUE
S:69del+70del+141del+501Y+570D+614G+681H+716I+982A,Alpha,FALSE,NULL,NULL,NULL,TRUE
S:69del+70del+145del+501Y+570D+614G+681H+716I+982A+1118H,Alpha,FALSE,NULL,NULL,NULL,TRUE
S:69del+70del+144del+145del+501Y+570D+614G+681H+716I+982A+1118H,Alpha,FALSE,NULL,NULL,NULL,TRUE
S:69del+70del+145del+484K+501Y+570D+614G+681H+716I+982A+1118H,Alpha/E484K,FALSE,NULL,NULL,NULL,TRUE
S:69del+70del+145del+452R+501Y+570D+614G+681H+716I+982A+1118H,Alpha/L452R,FALSE,NULL,NULL,NULL,TRUE
S:69del+70del+144del+494P+501Y+570D+614G+681H+716I+982A+1118H,Alpha/S494P,FALSE,NULL,NULL,NULL,TRUE
S:69del+70del+144del+490S+501Y+570D+614G+681H+716I+982A+1118H,Alpha/F490S,FALSE,NULL,NULL,NULL,TRUE
B.1.1.7 Spike:-144del+145del,Alpha,FALSE,NULL,NULL,NULL,TRUE
B.1.1.7 Spike+S:484K,Alpha/E484K,FALSE,NULL,NULL,NULL,TRUE
B.1.1.7 Spike+S:484A,Alpha/E484A,FALSE,NULL,NULL,NULL,TRUE
B.1.1.7 Spike+S:484D,Alpha/E484D,FALSE,NULL,NULL,NULL,TRUE
B.1.1.7 Spike+S:493R,Alpha/Q493R,FALSE,NULL,NULL,NULL,TRUE
B.1.1.7 Spike+S:493K,Alpha/Q493K,FALSE,NULL,NULL,NULL,TRUE
B.1.1.7 Spike+S:494P,Alpha/S494P,FALSE,NULL,NULL,NULL,TRUE
B.1.1.7 Spike+S:484K+494P,Alpha/E484K+S494P,FALSE,NULL,NULL,NULL,TRUE
hCoV-19/France/ARA-isl136/2020,Alpha,FALSE,1707039,NULL,NULL,TRUE
hCoV-19/Israel/CVL-46879/2020,Alpha,FALSE,737204,NULL,NULL,TRUE
hCoV-19/England/204661721/2020,Alpha,FALSE,693400,NULL,NULL,TRUE
hCoV-19/England/205080610/2020,Alpha,FALSE,723001,NULL,NULL,TRUE
hCoV-19/England/MILK-9E05B3/2020,Alpha,FALSE,601443,NULL,NULL,TRUE
B.1.1.7 Spike_601443,Alpha,FALSE,601443,NULL,NULL,TRUE
hCoV-19/Israel/CVL-46879-ngs/2020,Alpha,FALSE,737204,NULL,NULL,TRUE
hCoV-19/Netherlands/ZH-EMC-1148/2020,Alpha,FALSE,734166,NULL,NULL,TRUE
SARS-CoV-2/human/DEU/FFM-UK4604/2020,Alpha,FALSE,NULL,MW822594.1,NULL,TRUE
SARS-CoV-2/human/DEU/FFM-UK7931/2021,Alpha,FALSE,NULL,MZ427280.1,NULL,TRUE
B.1.351 full genome,Beta,FALSE,NULL,NULL,NULL,TRUE
B.1.351 full genome Spike:-246I,Beta,FALSE,NULL,NULL,NULL,TRUE
B.1.351 NTD,NULL,FALSE,NULL,NULL,NULL,TRUE
B.1.351 RBD,NULL,FALSE,NULL,NULL,NULL,TRUE
B.1.351 RBD+S:614G,NULL,FALSE,NULL,NULL,NULL,TRUE
B.1.351 Spike,Beta,FALSE,NULL,NULL,NULL,TRUE
B.1.351_700450 Spike,Beta,FALSE,700450,NULL,NULL,TRUE
hCoV-19/Israel/CVL-2557-ngs/2020,Beta,FALSE,944412,NULL,NULL,TRUE
S:18F+80A+215G+242del+243del+244del+246I+417N+484K+501Y+614G+701V,Beta,FALSE,NULL,NULL,NULL,TRUE
S:18F+80A+215G+242del+243del+244del+246I+417N+484K+501Y+614G+677H+701V,Beta/Q677H,FALSE,NULL,NULL,NULL,TRUE
S:18F+80A+215G+242del+243del+417N+484K+501Y+614G+701V,Beta,FALSE,NULL,NULL,NULL,TRUE
S:18F+80A+215G+242del+243del+244del+484K+501Y+614G+701V,Beta w/o K417N,FALSE,NULL,NULL,NULL,TRUE
S:18F+80A+215G+242del+243del+244del+417N+484K+614G+701V,Beta w/o N501Y,FALSE,NULL,NULL,NULL,TRUE
S:18F+80A+215G+242del+243del+244del+417N+501Y+614G+701V,Beta w/o E484K,FALSE,NULL,NULL,NULL,TRUE
S:18F+80A+215G+242del+243del+244del+417N+484Q+501Y+614G+701V,Beta/E484Q,FALSE,NULL,NULL,NULL,TRUE
S:18F+80A+215G+242del+243del+244del+417N+452R+484K+501Y+614G+701V,Beta/L452R,FALSE,NULL,NULL,NULL,TRUE
S:18F+80A+215G+242del+243del+244del+417N+444E+484K+501Y+614G+701V,Beta/K444E,FALSE,NULL,NULL,NULL,TRUE
S:18F+80A+215G+242del+243del+244del+417N+446V+484K+501Y+614G+701V,Beta/G446V,FALSE,NULL,NULL,NULL,TRUE
S:18F+80A+215G+242del+243del+244del+614G+701V,NULL,FALSE,NULL,NULL,NULL,TRUE
S:80A+215G+242del+243del+244del+417N+484K+501Y+614G+701V,Beta,FALSE,NULL,NULL,NULL,TRUE
S:80A+95I+215G+242del+243del+244del+417N+484K+501Y+614G+701V,Beta,FALSE,NULL,NULL,NULL,TRUE
S:80A+215G+242del+243del+244del+417N+484K+501Y+570D+614G+701V,Beta,FALSE,NULL,NULL,NULL,TRUE
S:80A+215G+242del+243del+244del+417N+484K+501Y,Beta,FALSE,NULL,NULL,NULL,TRUE
S:80A+215G+242del+243del+417N+484K+501Y+614G+701V,Beta,FALSE,NULL,NULL,NULL,TRUE
S:80A+215G+242H+246I+417N+484K+501Y+614G+701V,Beta,FALSE,NULL,NULL,NULL,TRUE
S:80A+242del+243del+244del+246I+417N+484K+501Y+614G+701V,Beta,FALSE,NULL,NULL,NULL,TRUE
WA1+S:80A+242del+243del+244del+246I+417N+484K+501Y+614G+701V,Beta,FALSE,NULL,NULL,NULL,TRUE
S:80Y+215Y+242del+243del+244del+417N+484K+501Y+614G+701V,Beta,FALSE,NULL,NULL,NULL,TRUE
S:80G+244del+245del+246I+417N+484K+501Y+614G+701V,Beta,FALSE,NULL,NULL,NULL,TRUE
B.1.351 Spike:-18F-215G,Beta,FALSE,NULL,NULL,NULL,TRUE
B.1.351 Spike:-18F-242del-243del-244del-246I,Beta,FALSE,NULL,NULL,NULL,TRUE
B.1.351 Spike:-18F-246I,Beta,FALSE,NULL,NULL,NULL,TRUE
B.1.351 Spike:-246I,Beta,FALSE,NULL,NULL,NULL,TRUE
S:18F+80A+215G+242del+243del+244del+417N+484K+501Y+614G+701V,Beta,FALSE,NULL,NULL,NULL,TRUE
B.1.351 Spike:-18F-244del-246I,Beta,FALSE,NULL,NULL,NULL,TRUE
S:80A+215G+484K+501Y+614G+701V,Beta w/o K417N,FALSE,NULL,NULL,NULL,TRUE
S:18F+80A+215G+417N+484K+501Y+614G+701V,Beta,FALSE,NULL,NULL,NULL,TRUE
S:80A+215G+417N+484K+501Y+614G+701V,Beta,FALSE,NULL,NULL,NULL,TRUE
B.1.351 Spike:-242del-243del-244del,Beta,FALSE,NULL,NULL,NULL,TRUE
hCoV-19/France/PAC-NRC2933/2020,Beta,FALSE,768828,NULL,NULL,TRUE
hCoV-19/India/DL-ICMR-210562284_P3/2021,Beta,FALSE,2036294,NULL,NULL,TRUE
hCoV-19/South Africa/N00344/2020,Beta,FALSE,712096,NULL,NULL,TRUE
B.1.351 Spike_712096,Beta,FALSE,712096,NULL,NULL,TRUE
SARS-CoV-2/human/DEU/FFM-ZAF1/2021,Beta,FALSE,NULL,MW822592.1,NULL,TRUE
hCoV-19/Netherlands/ZH-EMC-1461/2021,Beta,FALSE,904379,NULL,NULL,TRUE
B.1.427 full genome,Epsilon,FALSE,NULL,NULL,NULL,TRUE
B.1.427/9 Spike,Epsilon,FALSE,NULL,NULL,NULL,TRUE
B.1.427/9 Spike+S:26S,Epsilon,FALSE,NULL,NULL,NULL,TRUE
B.1.429 full genome,Epsilon,FALSE,NULL,NULL,NULL,TRUE
B.1.429 Spike,Epsilon,FALSE,NULL,NULL,NULL,TRUE
B.1.429 Spike_824730,Epsilon,FALSE,824730,NULL,NULL,TRUE
hCoV-19/South Korea/KDCA1792/2020,Epsilon,FALSE,1209409,NULL,NULL,TRUE
hCoV-19/South Korea/KDCA1793/2020,Epsilon,FALSE,1209410,NULL,NULL,TRUE
B.1.525 Spike,Eta,FALSE,NULL,NULL,NULL,TRUE
B.1.525 full genome,Eta,FALSE,NULL,NULL,NULL,TRUE
B.1.525 Spike:+144del-145del,Eta,FALSE,NULL,NULL,NULL,TRUE
B.1.526/E484K Spike,Iota/E484K,FALSE,NULL,NULL,NULL,TRUE
B.1.526/S477N Spike,Iota/S477N,FALSE,NULL,NULL,NULL,TRUE
S:95I+253G,NULL,FALSE,NULL,NULL,NULL,TRUE
S:95I+253G+477N,NULL,FALSE,NULL,NULL,NULL,TRUE
S:95I+253G+484K,NULL,FALSE,NULL,NULL,NULL,TRUE
S:5F+95I+253G+484K+614G+701V,Iota/E484K,FALSE,NULL,NULL,NULL,TRUE
S:5F+95I+253G+477N+614G+957R,Iota/S477N,FALSE,NULL,NULL,NULL,TRUE
S:5F+95I+253G+477N+614G+701V,Iota/S477N,FALSE,NULL,NULL,NULL,TRUE
hCoV-19/Israel/CVL-45526/2020,B.1.1.50,FALSE,745046,NULL,NULL,TRUE
hCoV-19/Israel/CVL-45176/2020,B.1.1.50,FALSE,745038,NULL,NULL,TRUE
S:95I+144del+145del+484K+614G+681H+796H,B.1.1.318,FALSE,NULL,NULL,NULL,TRUE
B.1.177 full genome,B.1.177,FALSE,NULL,NULL,NULL,TRUE
B.1.1.229 full genome,B.1.1.229,FALSE,NULL,NULL,NULL,TRUE
A.23.1 Spike,A.23.1,FALSE,NULL,NULL,NULL,TRUE
A.23.1 Spike:+102I+484K,A.23.1,FALSE,NULL,NULL,NULL,TRUE
S:157L+367F+613H+681R,A.23.1,FALSE,NULL,NULL,NULL,TRUE
S:157L+367F+613H+614G+681R,A.23.1,FALSE,NULL,NULL,NULL,TRUE
A.27.RN Spike,A.27/A222V,FALSE,NULL,NULL,NULL,TRUE
A.27.RN full genome,A.27/A222V,FALSE,NULL,NULL,NULL,TRUE
A.27 Spike,A.27,FALSE,NULL,NULL,NULL,TRUE
A.27 full genome,A.27,FALSE,NULL,NULL,NULL,TRUE
B.1.619.1 Spike,B.1.619.1,FALSE,NULL,NULL,NULL,TRUE
A.VOI.V2 Spike,A.30,FALSE,NULL,NULL,NULL,TRUE
AV.1 Spike,AV.1,FALSE,NULL,NULL,NULL,TRUE
B.1.616 Spike,B.1.616,FALSE,NULL,NULL,NULL,TRUE
S:80Y+144del+210N+211del+215G+246M+247del+248del+249el+258L+346K+478R+484K+655Y+681H+957H,A.30,FALSE,NULL,NULL,NULL,TRUE
S:80Y+144del+210del+215G+246del+247del+248del+249M+258L+346K+478R+484K+655Y+681H+957H,A.30,FALSE,NULL,NULL,NULL,TRUE
S:9L+136F+144del+190S+215G+242del+243del+449H+484K+501Y+614G+655Y+679K+716I+859N,C.1.2,FALSE,NULL,NULL,NULL,TRUE
S:9L+136F+144del+145del+190S+215G+449H+484K+501Y+614G+655Y+679K+716I+859N,C.1.2,FALSE,NULL,NULL,NULL,TRUE
C.1.2 full genome,C.1.2,FALSE,NULL,NULL,NULL,TRUE
S:501Y+614G+677H,NULL,FALSE,NULL,NULL,NULL,TRUE
Kemp21-d101,NULL,FALSE,NULL,NULL,NULL,TRUE
Khatamzas21-d154,NULL,FALSE,NULL,NULL,NULL,TRUE
Mink Cluster 5 Spike,B.1.1.298,FALSE,NULL,NULL,NULL,TRUE
S:5F+69del+70del+453F+614G+751Y+1250F,B.1.1.298,FALSE,NULL,NULL,NULL,TRUE
B.1.617 full genome,Kappa,FALSE,NULL,NULL,NULL,TRUE
B.1.617.1 full genome,Kappa,FALSE,NULL,NULL,NULL,TRUE
B.1.617 Spike,Kappa,FALSE,NULL,NULL,NULL,TRUE
B.1.617 Spike v2,Kappa,FALSE,NULL,NULL,NULL,TRUE
B.1.617.1 Spike:+382L-1071H-1101D+1106H,Kappa,FALSE,NULL,NULL,NULL,TRUE
B.1.617.1_1360382 Spike,Kappa,FALSE,1360382,NULL,NULL,TRUE
B.1.617.2 full genome,Delta,FALSE,NULL,NULL,NULL,TRUE
B.1.617.2_1731019,Delta,FALSE,1731019,NULL,NULL,TRUE
B.1.617.1 Spike,Kappa,FALSE,NULL,NULL,NULL,TRUE
B.1.617.1 Spike:+95I-1101D,Kappa,FALSE,NULL,NULL,NULL,TRUE
hCoV-19/India/MH-NCCS-DHW50453/2021_Spike,Kappa,FALSE,1384866,NULL,NULL,TRUE
hCoV-19/South Korea/KDCA2950/2021,Kappa,FALSE,1647349,NULL,NULL,TRUE
S:452R+484Q+681R,NULL,TRUE,NULL,NULL,NULL,TRUE
S:452R+484Q+683G,NULL,TRUE,NULL,NULL,NULL,TRUE
S:452R+484K,NULL,TRUE,NULL,NULL,NULL,TRUE
B.1.617.2 Spike,Delta,FALSE,NULL,NULL,NULL,TRUE
B.1.617.2 Spike:+417N,Delta,FALSE,NULL,NULL,NULL,TRUE
B.1.617.2 Spike:+142D,Delta,FALSE,NULL,NULL,NULL,TRUE
B.1.617.2 Spike:+142D-156G-157del-158del,Delta,FALSE,NULL,NULL,NULL,TRUE
B.1.617.2 Spike:-156G,Delta,FALSE,NULL,NULL,NULL,TRUE
B.1.617.2 Spike:+446V,Delta,FALSE,NULL,NULL,NULL,TRUE
B.1.617.2 Spike:77T+142D,Delta,FALSE,NULL,NULL,NULL,TRUE
B.1.617.2 Spike:142D+417N,Delta/K417N,FALSE,NULL,NULL,NULL,TRUE
B.1.617.2 Spike:+417N+484Q,Delta/K417N+E484Q,FALSE,NULL,NULL,NULL,TRUE
B.1.617.2 Spike:+E406D,Delta/E406D,FALSE,NULL,NULL,NULL,TRUE
B.1.617.2 Spike:+E406Q,Delta/E406Q,FALSE,NULL,NULL,NULL,TRUE
B.1.617.2 Spike:+G446S,Delta/G446S,FALSE,NULL,NULL,NULL,TRUE
B.1.617.2 Spike:+G446V,Delta/G446V,FALSE,NULL,NULL,NULL,TRUE
B.1.617.2 Spike:+Y453F,Delta/Y453F,FALSE,NULL,NULL,NULL,TRUE
B.1.617.2 Spike:+L455F,Delta/L455F,FALSE,NULL,NULL,NULL,TRUE
B.1.617.2 Spike:+L455S,Delta/L455S,FALSE,NULL,NULL,NULL,TRUE
B.1.617.2 Spike:+G446V+Y453F,Delta/G446V+Y453F,FALSE,NULL,NULL,NULL,TRUE
B.1.617.2 Spike:+G446V+L455F,Delta/G446V+L455F,FALSE,NULL,NULL,NULL,TRUE
B.1.617.3 Spike,B.1.617.3,FALSE,NULL,NULL,NULL,TRUE
B.1.617.3 full genome,B.1.617.3,FALSE,NULL,NULL,NULL,TRUE
hCoV-19/France/IDF-APHP-HEGP-20-23-2131905084/2021,Delta,FALSE,2029113,NULL,NULL,TRUE
B.1.617.2_MZ468047,Delta,FALSE,NULL,MZ468047,NULL,TRUE
hCoV-19/India/GJ-GBRC615/2021_Spike,Delta,FALSE,2020950,NULL,NULL,TRUE
hCoV-19/India/GJ-GBRC615/2021,Delta,FALSE,2020950,NULL,NULL,TRUE
hCoV19/USA/PHC658/2021,Delta,FALSE,NULL,NULL,NULL,TRUE
hCoV-19/Israel/CVL-12804/2021,Delta,FALSE,2183060,NULL,NULL,TRUE
hCoV-19/Israel/CVL-12806/2021,Delta,FALSE,2183112,NULL,NULL,TRUE
hCoV-19/South Korea/KDCA5439/2021,Delta,FALSE,2887353,NULL,NULL,TRUE
S:452R+478K+681R,NULL,TRUE,NULL,NULL,NULL,TRUE
B.1.618 Spike,B.1.618,FALSE,NULL,NULL,NULL,TRUE
P.1 full genome,Gamma,FALSE,NULL,NULL,NULL,TRUE
P.1 Spike,Gamma,FALSE,NULL,NULL,NULL,TRUE
S:18F+20N+26S+138Y+190S+417T+484K+501Y+614G+655Y,Gamma,FALSE,NULL,NULL,NULL,TRUE
S:18F+20N+26S+138Y+190S+417T+484K+501Y+614G+655Y+677H,Gamma/Q677H,FALSE,NULL,NULL,NULL,TRUE
S:18F+20N+26S+138Y+190S+417T+484K+501Y+614G+655Y+1027I,Gamma,FALSE,NULL,NULL,NULL,TRUE
S:18F+20N+26S+138Y+190S+417T+484K+501Y+614G+655Y+1027I+1176F,Gamma,FALSE,NULL,NULL,NULL,TRUE
hCoV-19/Brazil/AM-L70-71-CD1721/2020,Gamma,FALSE,1060918,NULL,NULL,TRUE
hCoV-19/Brazil/AM-L70-71-CD1736/2020,Gamma,FALSE,1060971,NULL,NULL,TRUE
hCoV-19/Brazil/AM-L11-CAMPI230I/2020,Gamma,FALSE,1708317,NULL,NULL,TRUE
hCoV-19/Brazil/AM-M1-CAMPI231I/2020,Gamma,FALSE,1708318,NULL,NULL,TRUE
P.1 Spike_792683,Gamma,FALSE,792683,NULL,NULL,TRUE
P.1_792681 Spike,Gamma,FALSE,792681,NULL,NULL,TRUE
hCoV-19/Italy/TUS-Siena12/2021,Gamma,FALSE,1163690,NULL,NULL,TRUE
P.2 full genome,Zeta,FALSE,NULL,NULL,NULL,TRUE
P.2 Spike,Zeta,FALSE,NULL,NULL,NULL,TRUE
S:484Q+565L+614G+1176F,Zeta,FALSE,NULL,NULL,NULL,TRUE
SARS-CoV-2/human/DEU/FFM-BRA1/2021,Zeta,FALSE,NULL,MW822593.1,NULL,TRUE
PT188_EM,NULL,FALSE,NULL,NULL,NULL,TRUE
S:1098Q,NULL,TRUE,NULL,NULL,NULL,TRUE
S:1118H,NULL,TRUE,NULL,NULL,NULL,TRUE
S:1124V,NULL,TRUE,NULL,NULL,NULL,TRUE
S:1128F,NULL,TRUE,NULL,NULL,NULL,TRUE
S:1134Q,NULL,TRUE,NULL,NULL,NULL,TRUE
S:1147L,NULL,TRUE,NULL,NULL,NULL,TRUE
S:1158Q,NULL,TRUE,NULL,NULL,NULL,TRUE
S:1163Y,NULL,TRUE,NULL,NULL,NULL,TRUE
S:1173Q,NULL,TRUE,NULL,NULL,NULL,TRUE
S:1176F,NULL,TRUE,NULL,NULL,NULL,TRUE
S:13I,NULL,TRUE,NULL,NULL,NULL,TRUE
S:152L,NULL,TRUE,NULL,NULL,NULL,TRUE
S:152C,NULL,TRUE,NULL,NULL,NULL,TRUE
S:272L,NULL,TRUE,NULL,NULL,NULL,TRUE
S:272L+614G,NULL,TRUE,NULL,NULL,NULL,TRUE
S:255F,NULL,TRUE,NULL,NULL,NULL,TRUE
S:255F+614G,NULL,TRUE,NULL,NULL,NULL,TRUE
S:258L+614G,NULL,TRUE,NULL,NULL,NULL,TRUE
S:1167V,NULL,TRUE,NULL,NULL,NULL,TRUE
S:1101D,NULL,TRUE,NULL,NULL,NULL,TRUE
S:1071H,NULL,TRUE,NULL,NULL,NULL,TRUE
S:1194Q,NULL,TRUE,NULL,NULL,NULL,TRUE
S:1229I,NULL,TRUE,NULL,NULL,NULL,TRUE
S:1263L,NULL,TRUE,NULL,NULL,NULL,TRUE
S:12P,NULL,TRUE,NULL,NULL,NULL,TRUE
S:136Y,NULL,TRUE,NULL,NULL,NULL,TRUE
S:138Y,NULL,TRUE,NULL,NULL,NULL,TRUE
S:138Y+614G,NULL,TRUE,NULL,NULL,NULL,TRUE
S:141del+142del+143del+144del,NULL,TRUE,NULL,NULL,NULL,TRUE
S:141del+142del+143del+144del+484G,NULL,TRUE,NULL,NULL,NULL,TRUE
S:141del+142del+143del+144del+490L,NULL,TRUE,NULL,NULL,NULL,TRUE
S:144del,NULL,TRUE,NULL,NULL,NULL,TRUE
S:144del+614G,NULL,TRUE,NULL,NULL,NULL,TRUE
S:145del,NULL,TRUE,NULL,NULL,NULL,TRUE
S:145del+408I,NULL,TRUE,NULL,NULL,NULL,TRUE
S:145del+146del+484K+614G,NULL,TRUE,NULL,NULL,NULL,TRUE
S:145del+146del+614G,NULL,TRUE,NULL,NULL,NULL,TRUE
S:145del+146del,NULL,TRUE,NULL,NULL,NULL,TRUE
S:146Y,NULL,TRUE,NULL,NULL,NULL,TRUE
S:146Y+614G,NULL,TRUE,NULL,NULL,NULL,TRUE
S:147T,NULL,TRUE,NULL,NULL,NULL,TRUE
S:149H,NULL,TRUE,NULL,NULL,NULL,TRUE
S:149Q,NULL,TRUE,NULL,NULL,NULL,TRUE
S:165Q,NULL,TRUE,NULL,NULL,NULL,TRUE
S:176F+614G,NULL,TRUE,NULL,NULL,NULL,TRUE
S:17Q,NULL,TRUE,NULL,NULL,NULL,TRUE
S:18F,NULL,TRUE,NULL,NULL,NULL,TRUE
S:18F+222V,NULL,TRUE,NULL,NULL,NULL,TRUE
S:18F+614G,NULL,TRUE,NULL,NULL,NULL,TRUE
S:190S,NULL,TRUE,NULL,NULL,NULL,TRUE
S:19A,NULL,TRUE,NULL,NULL,NULL,TRUE
S:19I,NULL,TRUE,NULL,NULL,NULL,TRUE
S:20N,NULL,TRUE,NULL,NULL,NULL,TRUE
S:20N+614G,NULL,TRUE,NULL,NULL,NULL,TRUE
S:24S,NULL,TRUE,NULL,NULL,NULL,TRUE
S:27S,NULL,TRUE,NULL,NULL,NULL,TRUE
S:25del+26del+27del,NULL,TRUE,NULL,NULL,NULL,TRUE
S:24del+25del+26del,NULL,TRUE,NULL,NULL,NULL,TRUE
S:24del+25del+26del+27S,NULL,TRUE,NULL,NULL,NULL,TRUE
S:213G,NULL,TRUE,NULL,NULL,NULL,TRUE
S:215G,NULL,TRUE,NULL,NULL,NULL,TRUE
S:215G+614G,NULL,TRUE,NULL,NULL,NULL,TRUE
S:222V,NULL,TRUE,NULL,NULL,NULL,TRUE
S:222V+614G,NULL,TRUE,NULL,NULL,NULL,TRUE
S:234Q,NULL,TRUE,NULL,NULL,NULL,TRUE
S:239K+614G,NULL,TRUE,NULL,NULL,NULL,TRUE
S:242del+243del+244del,NULL,TRUE,NULL,NULL,NULL,TRUE
S:242del+243del+244del+614G,NULL,TRUE,NULL,NULL,NULL,TRUE
S:244del+245del+246del+247del,NULL,TRUE,NULL,NULL,NULL,TRUE
S:244del+245del+246del+247del+484G,NULL,TRUE,NULL,NULL,NULL,TRUE
S:244del+245del+246del+247del+490L,NULL,TRUE,NULL,NULL,NULL,TRUE
S:242H+614G,NULL,TRUE,NULL,NULL,NULL,TRUE
S:245R+441Q,NULL,TRUE,NULL,NULL,NULL,TRUE
S:246A,NULL,TRUE,NULL,NULL,NULL,TRUE
S:246I,NULL,TRUE,NULL,NULL,NULL,TRUE
S:246I+614G,NULL,TRUE,NULL,NULL,NULL,TRUE
S:246del+247del+248del+249del+250del+251del+252del,NULL,TRUE,NULL,NULL,NULL,TRUE
S:246del+247del+248del+249del+250del+251del+252del+253N,NULL,TRUE,NULL,NULL,NULL,TRUE
S:253G,NULL,TRUE,NULL,NULL,NULL,TRUE
S:253G+614G,NULL,TRUE,NULL,NULL,NULL,TRUE
S:253Y,NULL,TRUE,NULL,NULL,NULL,TRUE
S:26S,NULL,TRUE,NULL,NULL,NULL,TRUE
S:26S+614G,NULL,TRUE,NULL,NULL,NULL,TRUE
S:262S+614G,NULL,TRUE,NULL,NULL,NULL,TRUE
S:282Q,NULL,TRUE,NULL,NULL,NULL,TRUE
S:261D+453F,NULL,TRUE,NULL,NULL,NULL,TRUE
S:321L,NULL,TRUE,NULL,NULL,NULL,TRUE
S:321L+614G,NULL,TRUE,NULL,NULL,NULL,TRUE
S:324G+325D,NULL,TRUE,NULL,NULL,NULL,TRUE
S:320I+477N+614G,NULL,TRUE,NULL,NULL,NULL,TRUE
S:382L+614G,NULL,TRUE,NULL,NULL,NULL,TRUE
S:331Q,NULL,TRUE,NULL,NULL,NULL,TRUE
S:332V+614G,NULL,TRUE,NULL,NULL,NULL,TRUE
S:332T+614G,NULL,TRUE,NULL,NULL,NULL,TRUE
S:333K+614G,NULL,TRUE,NULL,NULL,NULL,TRUE
S:334H+614G,NULL,TRUE,NULL,NULL,NULL,TRUE
S:334Y+614G,NULL,TRUE,NULL,NULL,NULL,TRUE
S:335F,NULL,TRUE,NULL,NULL,NULL,TRUE
S:335F+614G,NULL,TRUE,NULL,NULL,NULL,TRUE
S:335S+614G,NULL,TRUE,NULL,NULL,NULL,TRUE
S:335V+614G,NULL,TRUE,NULL,NULL,NULL,TRUE
S:335V,NULL,TRUE,NULL,NULL,NULL,TRUE
S:334K+614G,NULL,TRUE,NULL,NULL,NULL,TRUE
S:334S+614G,NULL,TRUE,NULL,NULL,NULL,TRUE
S:337H,NULL,TRUE,NULL,NULL,NULL,TRUE
S:337H+614G,NULL,TRUE,NULL,NULL,NULL,TRUE
S:337L,NULL,TRUE,NULL,NULL,NULL,TRUE
S:337L+614G,NULL,TRUE,NULL,NULL,NULL,TRUE
S:337R,NULL,TRUE,NULL,NULL,NULL,TRUE
S:337R+614G,NULL,TRUE,NULL,NULL,NULL,TRUE
S:337S,NULL,TRUE,NULL,NULL,NULL,TRUE
S:337S+614G,NULL,TRUE,NULL,NULL,NULL,TRUE
S:337T,NULL,TRUE,NULL,NULL,NULL,TRUE
S:337T+614G,NULL,TRUE,NULL,NULL,NULL,TRUE
S:339C,NULL,TRUE,NULL,NULL,NULL,TRUE
S:339D+614G,NULL,TRUE,NULL,NULL,NULL,TRUE
S:339D,NULL,TRUE,NULL,NULL,NULL,TRUE
S:338L,NULL,TRUE,NULL,NULL,NULL,TRUE
S:338L+614G,NULL,TRUE,NULL,NULL,NULL,TRUE
S:340A,NULL,TRUE,NULL,NULL,NULL,TRUE
S:340K,NULL,TRUE,NULL,NULL,NULL,TRUE
S:340K+614G,NULL,TRUE,NULL,NULL,NULL,TRUE
S:340G,NULL,TRUE,NULL,NULL,NULL,TRUE
S:340G+614G,NULL,TRUE,NULL,NULL,NULL,TRUE
S:341I,NULL,TRUE,NULL,NULL,NULL,TRUE
S:341I+614G,NULL,TRUE,NULL,NULL,NULL,TRUE
S:342L,NULL,TRUE,NULL,NULL,NULL,TRUE
S:344S,NULL,TRUE,NULL,NULL,NULL,TRUE
S:345A,NULL,TRUE,NULL,NULL,NULL,TRUE
S:345A+517R,NULL,TRUE,NULL,NULL,NULL,TRUE
S:345N,NULL,TRUE,NULL,NULL,NULL,TRUE
S:345S,NULL,TRUE,NULL,NULL,NULL,TRUE
S:346G,NULL,TRUE,NULL,NULL,NULL,TRUE
S:346I,NULL,TRUE,NULL,NULL,NULL,TRUE
S:346K,NULL,TRUE,NULL,NULL,NULL,TRUE
S:346K+484K+501Y,NULL,TRUE,NULL,NULL,NULL,TRUE
S:346K+614G,NULL,TRUE,NULL,NULL,NULL,TRUE
S:346G+614G,NULL,TRUE,NULL,NULL,NULL,TRUE
S:346S,NULL,TRUE,NULL,NULL,NULL,TRUE
S:346S+452R,NULL,TRUE,NULL,NULL,NULL,TRUE
S:346S+614G,NULL,TRUE,NULL,NULL,NULL,TRUE
S:348T,NULL,TRUE,NULL,NULL,NULL,TRUE
S:348S,NULL,TRUE,NULL,NULL,NULL,TRUE
S:349N,NULL,TRUE,NULL,NULL,NULL,TRUE
S:352D,NULL,TRUE,NULL,NULL,NULL,TRUE
S:352S,NULL,TRUE,NULL,NULL,NULL,TRUE
S:354D,NULL,TRUE,NULL,NULL,NULL,TRUE
S:354D+364Y,NULL,TRUE,NULL,NULL,NULL,TRUE
S:354K,NULL,TRUE,NULL,NULL,NULL,TRUE
S:354K+95I,NULL,TRUE,NULL,NULL,NULL,TRUE
S:354S+614G,NULL,TRUE,NULL,NULL,NULL,TRUE
S:354I+614G,NULL,TRUE,NULL,NULL,NULL,TRUE
S:354T+614G,NULL,TRUE,NULL,NULL,NULL,TRUE
S:354Y+614G,NULL,TRUE,NULL,NULL,NULL,TRUE
S:356A,NULL,TRUE,NULL,NULL,NULL,TRUE
S:356N,NULL,TRUE,NULL,NULL,NULL,TRUE
S:356R,NULL,TRUE,NULL,NULL,NULL,TRUE
S:357I,NULL,TRUE,NULL,NULL,NULL,TRUE
S:358V,NULL,TRUE,NULL,NULL,NULL,TRUE
S:359G,NULL,TRUE,NULL,NULL,NULL,TRUE
S:359N,NULL,TRUE,NULL,NULL,NULL,TRUE
S:367F,NULL,TRUE,NULL,NULL,NULL,TRUE
S:367F+614G,NULL,TRUE,NULL,NULL,NULL,TRUE
S:370S,NULL,TRUE,NULL,NULL,NULL,TRUE
S:372T,NULL,TRUE,NULL,NULL,NULL,TRUE
S:372S,NULL,TRUE,NULL,NULL,NULL,TRUE
S:373F,NULL,TRUE,NULL,NULL,NULL,TRUE
S:377L,NULL,TRUE,NULL,NULL,NULL,TRUE
S:337K+614G,NULL,TRUE,NULL,NULL,NULL,TRUE
S:339V+614G,NULL,TRUE,NULL,NULL,NULL,TRUE
S:340D+614G,NULL,TRUE,NULL,NULL,NULL,TRUE
S:340Q+614G,NULL,TRUE,NULL,NULL,NULL,TRUE
S:340V+614G,NULL,TRUE,NULL,NULL,NULL,TRUE
S:343S+614G,NULL,TRUE,NULL,NULL,NULL,TRUE
S:344V+614G,NULL,TRUE,NULL,NULL,NULL,TRUE
S:344D+614G,NULL,TRUE,NULL,NULL,NULL,TRUE
S:345S+614G,NULL,TRUE,NULL,NULL,NULL,TRUE
S:345N+614G,NULL,TRUE,NULL,NULL,NULL,TRUE
S:345I+614G,NULL,TRUE,NULL,NULL,NULL,TRUE
S:378N,NULL,TRUE,NULL,NULL,NULL,TRUE
S:378N+614G,NULL,TRUE,NULL,NULL,NULL,TRUE
S:378R,NULL,TRUE,NULL,NULL,NULL,TRUE
S:384A,NULL,TRUE,NULL,NULL,NULL,TRUE
S:384R,NULL,TRUE,NULL,NULL,NULL,TRUE
S:384L,NULL,TRUE,NULL,NULL,NULL,TRUE
S:385A,NULL,TRUE,NULL,NULL,NULL,TRUE
S:392A,NULL,TRUE,NULL,NULL,NULL,TRUE
S:392A+614G,NULL,TRUE,NULL,NULL,NULL,TRUE
S:393P,NULL,TRUE,NULL,NULL,NULL,TRUE
S:395I,NULL,TRUE,NULL,NULL,NULL,TRUE
S:403K,NULL,TRUE,NULL,NULL,NULL,TRUE
S:405N,NULL,TRUE,NULL,NULL,NULL,TRUE
S:406W,NULL,TRUE,NULL,NULL,NULL,TRUE
S:406W+614G,NULL,TRUE,NULL,NULL,NULL,TRUE
S:406D,NULL,TRUE,NULL,NULL,NULL,TRUE
S:408I,NULL,TRUE,NULL,NULL,NULL,TRUE
S:408S,NULL,TRUE,NULL,NULL,NULL,TRUE
S:408I+614G,NULL,TRUE,NULL,NULL,NULL,TRUE
S:409E,NULL,TRUE,NULL,NULL,NULL,TRUE
S:406Q,NULL,TRUE,NULL,NULL,NULL,TRUE
S:406Q+614G,NULL,TRUE,NULL,NULL,NULL,TRUE
S:414E,NULL,TRUE,NULL,NULL,NULL,TRUE
S:414R,NULL,TRUE,NULL,NULL,NULL,TRUE
S:417E,NULL,TRUE,NULL,NULL,NULL,TRUE
S:417E+614G,NULL,TRUE,NULL,NULL,NULL,TRUE
S:417N,NULL,TRUE,NULL,NULL,NULL,TRUE
S:417N+452R+478K,NULL,TRUE,NULL,NULL,NULL,TRUE
S:417N+446V+484K,NULL,TRUE,NULL,NULL,NULL,TRUE
S:417N+484K,NULL,TRUE,NULL,NULL,NULL,TRUE
S:417N+484K+501Y,NULL,TRUE,NULL,NULL,NULL,TRUE
S:417N+484K+501Y+614G,NULL,TRUE,NULL,NULL,NULL,TRUE
S:417N+484K+501Y+683G,NULL,TRUE,NULL,NULL,NULL,TRUE
S:417N+501Y,NULL,TRUE,NULL,NULL,NULL,TRUE
S:417N+614G,NULL,TRUE,NULL,NULL,NULL,TRUE
S:417N+484K+614G,NULL,TRUE,NULL,NULL,NULL,TRUE
S:417N+501Y+614G,NULL,TRUE,NULL,NULL,NULL,TRUE
S:417R,NULL,TRUE,NULL,NULL,NULL,TRUE
S:417T,NULL,TRUE,NULL,NULL,NULL,TRUE
S:417T+614G,NULL,TRUE,NULL,NULL,NULL,TRUE
S:417T+484K,NULL,TRUE,NULL,NULL,NULL,TRUE
S:417T+484K+501Y,NULL,TRUE,NULL,NULL,NULL,TRUE
S:417V,NULL,TRUE,NULL,NULL,NULL,TRUE
S:417V+614G,NULL,TRUE,NULL,NULL,NULL,TRUE
S:420D,NULL,TRUE,NULL,NULL,NULL,TRUE
S:420K,NULL,TRUE,NULL,NULL,NULL,TRUE
S:420N,NULL,TRUE,NULL,NULL,NULL,TRUE
S:420R,NULL,TRUE,NULL,NULL,NULL,TRUE
S:420R+614G,NULL,TRUE,NULL,NULL,NULL,TRUE
S:420T,NULL,TRUE,NULL,NULL,NULL,TRUE
S:420Y,NULL,TRUE,NULL,NULL,NULL,TRUE
S:420Y+460H,NULL,TRUE,NULL,NULL,NULL,TRUE
S:427N,NULL,TRUE,NULL,NULL,NULL,TRUE
S:435S,NULL,TRUE,NULL,NULL,NULL,TRUE
S:435S+614G,NULL,TRUE,NULL,NULL,NULL,TRUE
S:436R,NULL,TRUE,NULL,NULL,NULL,TRUE
S:439K,NULL,TRUE,NULL,NULL,NULL,TRUE
S:439K+484K,NULL,TRUE,NULL,NULL,NULL,TRUE
S:439K+614G,NULL,TRUE,NULL,NULL,NULL,TRUE
S:439K+614G+1121L,NULL,TRUE,NULL,NULL,NULL,TRUE
S:439V,NULL,TRUE,NULL,NULL,NULL,TRUE
S:440A,NULL,TRUE,NULL,NULL,NULL,TRUE
S:440D,NULL,TRUE,NULL,NULL,NULL,TRUE
S:440D+614G,NULL,TRUE,NULL,NULL,NULL,TRUE
S:440K,NULL,TRUE,NULL,NULL,NULL,TRUE
S:440K+614G,NULL,TRUE,NULL,NULL,NULL,TRUE
S:440H,NULL,TRUE,NULL,NULL,NULL,TRUE
S:441R,NULL,TRUE,NULL,NULL,NULL,TRUE
S:444A,NULL,TRUE,NULL,NULL,NULL,TRUE
S:444A+614G,NULL,TRUE,NULL,NULL,NULL,TRUE
S:444E,NULL,TRUE,NULL,NULL,NULL,TRUE
S:444E+614G,NULL,TRUE,NULL,NULL,NULL,TRUE
S:444L,NULL,TRUE,NULL,NULL,NULL,TRUE
S:444M,NULL,TRUE,NULL,NULL,NULL,TRUE
S:444D+614G,NULL,TRUE,NULL,NULL,NULL,TRUE
S:444N+614G,NULL,TRUE,NULL,NULL,NULL,TRUE
S:444T+614G,NULL,TRUE,NULL,NULL,NULL,TRUE
S:444N,NULL,TRUE,NULL,NULL,NULL,TRUE
S:444Q,NULL,TRUE,NULL,NULL,NULL,TRUE
S:444Q+614G,NULL,TRUE,NULL,NULL,NULL,TRUE
S:444R,NULL,TRUE,NULL,NULL,NULL,TRUE
S:444R+614G,NULL,TRUE,NULL,NULL,NULL,TRUE
S:444S,NULL,TRUE,NULL,NULL,NULL,TRUE
S:444T,NULL,TRUE,NULL,NULL,NULL,TRUE
S:444T+445S+446T,NULL,TRUE,NULL,NULL,NULL,TRUE
S:445A,NULL,TRUE,NULL,NULL,NULL,TRUE
S:445D+614G,NULL,FALSE,NULL,NULL,NULL,TRUE
S:445T+614G,NULL,FALSE,NULL,NULL,NULL,TRUE
S:445F+614G,NULL,FALSE,NULL,NULL,NULL,TRUE
S:445A+614G,NULL,TRUE,NULL,NULL,NULL,TRUE
S:445E,NULL,TRUE,NULL,NULL,NULL,TRUE
S:445G,NULL,TRUE,NULL,NULL,NULL,TRUE
S:445I,NULL,TRUE,NULL,NULL,NULL,TRUE
S:445K,NULL,TRUE,NULL,NULL,NULL,TRUE
S:445L,NULL,TRUE,NULL,NULL,NULL,TRUE
S:445T,NULL,TRUE,NULL,NULL,NULL,TRUE
S:445F,NULL,TRUE,NULL,NULL,NULL,TRUE
S:445F+477N+614G,NULL,TRUE,NULL,NULL,NULL,TRUE
S:446D,NULL,TRUE,NULL,NULL,NULL,TRUE
S:446P+456V+484P,NULL,TRUE,NULL,NULL,NULL,TRUE
S:446S,NULL,TRUE,NULL,NULL,NULL,TRUE
S:446V,NULL,TRUE,NULL,NULL,NULL,TRUE
S:446V+614G,NULL,TRUE,NULL,NULL,NULL,TRUE
S:446I+614G,NULL,TRUE,NULL,NULL,NULL,TRUE
S:447R+614G,NULL,TRUE,NULL,NULL,NULL,TRUE
S:447S+614G,NULL,TRUE,NULL,NULL,NULL,TRUE
S:449N+614G,NULL,TRUE,NULL,NULL,NULL,TRUE
S:449H+484K,NULL,TRUE,NULL,NULL,NULL,TRUE
S:448K+614G,NULL,TRUE,NULL,NULL,NULL,TRUE
S:449H,NULL,TRUE,NULL,NULL,NULL,TRUE
S:499S+614G,NULL,TRUE,NULL,NULL,NULL,TRUE
S:499H+614G,NULL,TRUE,NULL,NULL,NULL,TRUE
S:499R+614G,NULL,TRUE,NULL,NULL,NULL,TRUE
S:450D,NULL,TRUE,NULL,NULL,NULL,TRUE
S:450D+614G,NULL,TRUE,NULL,NULL,NULL,TRUE
S:450K,NULL,TRUE,NULL,NULL,NULL,TRUE
S:450K+614G,NULL,TRUE,NULL,NULL,NULL,TRUE
S:450S+614G,NULL,TRUE,NULL,NULL,NULL,TRUE
S:450Y,NULL,TRUE,NULL,NULL,NULL,TRUE
S:452K,NULL,TRUE,NULL,NULL,NULL,TRUE
S:452F+614G,NULL,TRUE,NULL,NULL,NULL,TRUE
S:452Q,NULL,TRUE,NULL,NULL,NULL,TRUE
S:452R,NULL,TRUE,NULL,NULL,NULL,TRUE
S:452R+478K,NULL,TRUE,NULL,NULL,NULL,TRUE
S:452R+501Y,NULL,TRUE,NULL,NULL,NULL,TRUE
S:452R+614G,NULL,TRUE,NULL,NULL,NULL,TRUE
S:452R+484Q,NULL,TRUE,NULL,NULL,NULL,TRUE
S:452R+484Q+614G,NULL,TRUE,NULL,NULL,NULL,TRUE
S:452R+484Q+614G+681R,NULL,TRUE,NULL,NULL,NULL,TRUE
S:453F,NULL,TRUE,NULL,NULL,NULL,TRUE
S:453F+498H,NULL,TRUE,NULL,NULL,NULL,TRUE
S:453F+614G,NULL,TRUE,NULL,NULL,NULL,TRUE
S:453F+486L+501T,NULL,TRUE,NULL,NULL,NULL,TRUE
S:453H,NULL,TRUE,NULL,NULL,NULL,TRUE
S:455F,NULL,TRUE,NULL,NULL,NULL,TRUE
S:455F+614G,NULL,TRUE,NULL,NULL,NULL,TRUE
S:455I,NULL,TRUE,NULL,NULL,NULL,TRUE
S:455R,NULL,TRUE,NULL,NULL,NULL,TRUE
S:455R+484K+683G,NULL,TRUE,NULL,NULL,NULL,TRUE
S:455R+453H,NULL,TRUE,NULL,NULL,NULL,TRUE
S:455W,NULL,TRUE,NULL,NULL,NULL,TRUE
S:455Y+456L,NULL,TRUE,NULL,NULL,NULL,TRUE
S:456A,NULL,TRUE,NULL,NULL,NULL,TRUE
S:456K,NULL,TRUE,NULL,NULL,NULL,TRUE
S:456R,NULL,TRUE,NULL,NULL,NULL,TRUE
S:456V,NULL,TRUE,NULL,NULL,NULL,TRUE
S:456E,NULL,TRUE,NULL,NULL,NULL,TRUE
S:456L,NULL,TRUE,NULL,NULL,NULL,TRUE
S:456L+614G,NULL,TRUE,NULL,NULL,NULL,TRUE
S:458N,NULL,TRUE,NULL,NULL,NULL,TRUE
S:458R,NULL,TRUE,NULL,NULL,NULL,TRUE
S:458R+614G,NULL,TRUE,NULL,NULL,NULL,TRUE
S:459F,NULL,TRUE,NULL,NULL,NULL,TRUE
S:460T,NULL,TRUE,NULL,NULL,NULL,TRUE
S:460T+614G,NULL,TRUE,NULL,NULL,NULL,TRUE
S:468F,NULL,TRUE,NULL,NULL,NULL,TRUE
S:468T,NULL,TRUE,NULL,NULL,NULL,TRUE
S:460K,NULL,TRUE,NULL,NULL,NULL,TRUE
S:460S,NULL,TRUE,NULL,NULL,NULL,TRUE
S:460Y,NULL,TRUE,NULL,NULL,NULL,TRUE
S:460Y+614G,NULL,TRUE,NULL,NULL,NULL,TRUE
S:460H,NULL,TRUE,NULL,NULL,NULL,TRUE
S:470N+471V+472P,NULL,TRUE,NULL,NULL,NULL,TRUE
S:471Q,NULL,TRUE,NULL,NULL,NULL,TRUE
S:472V,NULL,TRUE,NULL,NULL,NULL,TRUE
S:472V+614G,NULL,TRUE,NULL,NULL,NULL,TRUE
S:475D,NULL,TRUE,NULL,NULL,NULL,TRUE
S:475R,NULL,TRUE,NULL,NULL,NULL,TRUE
S:475V,NULL,TRUE,NULL,NULL,NULL,TRUE
S:475V+261D,NULL,TRUE,NULL,NULL,NULL,TRUE
S:475V+614G,NULL,TRUE,NULL,NULL,NULL,TRUE
S:476A,NULL,TRUE,NULL,NULL,NULL,TRUE
S:476D,NULL,TRUE,NULL,NULL,NULL,TRUE
S:476S,NULL,TRUE,NULL,NULL,NULL,TRUE
S:476S+614G,NULL,TRUE,NULL,NULL,NULL,TRUE
S:477I,NULL,TRUE,NULL,NULL,NULL,TRUE
S:477G,NULL,TRUE,NULL,NULL,NULL,TRUE
S:477N,NULL,TRUE,NULL,NULL,NULL,TRUE
S:477N+514F,NULL,TRUE,NULL,NULL,NULL,TRUE
S:477N+614G,NULL,TRUE,NULL,NULL,NULL,TRUE
S:477N+614G+698L,NULL,TRUE,NULL,NULL,NULL,TRUE
S:477N+614G+778I,NULL,TRUE,NULL,NULL,NULL,TRUE
S:477R,NULL,TRUE,NULL,NULL,NULL,TRUE
S:477R+614G,NULL,TRUE,NULL,NULL,NULL,TRUE
S:478I,NULL,TRUE,NULL,NULL,NULL,TRUE
S:478I+614G,NULL,TRUE,NULL,NULL,NULL,TRUE
S:478K,NULL,TRUE,NULL,NULL,NULL,TRUE
S:478R,NULL,TRUE,NULL,NULL,NULL,TRUE
S:479S,NULL,TRUE,NULL,NULL,NULL,TRUE
S:479S+614G,NULL,TRUE,NULL,NULL,NULL,TRUE
S:481D,NULL,TRUE,NULL,NULL,NULL,TRUE
S:483A,NULL,TRUE,NULL,NULL,NULL,TRUE
S:483F,NULL,TRUE,NULL,NULL,NULL,TRUE
S:483I,NULL,TRUE,NULL,NULL,NULL,TRUE
S:483K,NULL,TRUE,NULL,NULL,NULL,TRUE
S:484A,NULL,TRUE,NULL,NULL,NULL,TRUE
S:484D,NULL,TRUE,NULL,NULL,NULL,TRUE
S:484G,NULL,TRUE,NULL,NULL,NULL,TRUE
S:484K,NULL,TRUE,NULL,NULL,NULL,TRUE
S:484K+677H,NULL,TRUE,NULL,NULL,NULL,TRUE
S:484K+494P,NULL,TRUE,NULL,NULL,NULL,TRUE
S:484K+494P+501Y,NULL,TRUE,NULL,NULL,NULL,TRUE
WA1+S:484K,NULL,TRUE,NULL,NULL,NULL,TRUE
S:484K+501Y,NULL,TRUE,NULL,NULL,NULL,TRUE
S:484K+614G,NULL,TRUE,NULL,NULL,NULL,TRUE
S:484K+614G+677H,NULL,TRUE,NULL,NULL,NULL,TRUE
S:484K+614G+1176F,Zeta,TRUE,NULL,NULL,NULL,TRUE
WA1+S:484K+614G,NULL,TRUE,NULL,NULL,NULL,TRUE
S:484K+683G,NULL,TRUE,NULL,NULL,NULL,TRUE
S:484K+501Y+614G,NULL,TRUE,NULL,NULL,NULL,TRUE
WA1+S:484K+501Y+614G,NULL,TRUE,NULL,NULL,NULL,TRUE
S:484P,NULL,TRUE,NULL,NULL,NULL,TRUE
S:484Q,NULL,TRUE,NULL,NULL,NULL,TRUE
S:484Q+614G,NULL,TRUE,NULL,NULL,NULL,TRUE
S:484V,NULL,TRUE,NULL,NULL,NULL,TRUE
S:484V+614G,NULL,TRUE,NULL,NULL,NULL,TRUE
S:485D,NULL,TRUE,NULL,NULL,NULL,TRUE
S:485R,NULL,TRUE,NULL,NULL,NULL,TRUE
S:485R+614G,NULL,TRUE,NULL,NULL,NULL,TRUE
S:485S,NULL,TRUE,NULL,NULL,NULL,TRUE
S:485S+614G,NULL,TRUE,NULL,NULL,NULL,TRUE
S:486A,NULL,TRUE,NULL,NULL,NULL,TRUE
S:486A+614G,NULL,TRUE,NULL,NULL,NULL,TRUE
S:486I,NULL,TRUE,NULL,NULL,NULL,TRUE
S:486K,NULL,TRUE,NULL,NULL,NULL,TRUE
S:486K+614G,NULL,TRUE,NULL,NULL,NULL,TRUE
S:486L,NULL,TRUE,NULL,NULL,NULL,TRUE
S:486L+614G,NULL,TRUE,NULL,NULL,NULL,TRUE
S:486L+490P,NULL,TRUE,NULL,NULL,NULL,TRUE
S:486R,NULL,TRUE,NULL,NULL,NULL,TRUE
S:486S,NULL,TRUE,NULL,NULL,NULL,TRUE
S:486S+614G,NULL,TRUE,NULL,NULL,NULL,TRUE
S:486V,NULL,TRUE,NULL,NULL,NULL,TRUE
S:486V+614G,NULL,TRUE,NULL,NULL,NULL,TRUE
S:486Y,NULL,TRUE,NULL,NULL,NULL,TRUE
S:487R,NULL,TRUE,NULL,NULL,NULL,TRUE
S:487R+614G,NULL,TRUE,NULL,NULL,NULL,TRUE
S:489H,NULL,TRUE,NULL,NULL,NULL,TRUE
S:490K,NULL,TRUE,NULL,NULL,NULL,TRUE
S:490K+614G,NULL,TRUE,NULL,NULL,NULL,TRUE
S:490L,NULL,TRUE,NULL,NULL,NULL,TRUE
S:490L+614G+779H,NULL,TRUE,NULL,NULL,NULL,TRUE
S:490P,NULL,TRUE,NULL,NULL,NULL,TRUE
S:490S,NULL,TRUE,NULL,NULL,NULL,TRUE
S:490S+501Y,NULL,TRUE,NULL,NULL,NULL,TRUE
S:490S+614G,NULL,TRUE,NULL,NULL,NULL,TRUE
S:490V,NULL,TRUE,NULL,NULL,NULL,TRUE
S:490V+614G,NULL,TRUE,NULL,NULL,NULL,TRUE
S:493E,NULL,TRUE,NULL,NULL,NULL,TRUE
S:493K,NULL,TRUE,NULL,NULL,NULL,TRUE
S:493K+614G,NULL,TRUE,NULL,NULL,NULL,TRUE
S:493H,NULL,TRUE,NULL,NULL,NULL,TRUE
S:493L,NULL,TRUE,NULL,NULL,NULL,TRUE
S:493L+614G,NULL,TRUE,NULL,NULL,NULL,TRUE
S:493R,NULL,TRUE,NULL,NULL,NULL,TRUE
S:494D,NULL,TRUE,NULL,NULL,NULL,TRUE
S:494L,NULL,TRUE,NULL,NULL,NULL,TRUE
S:494P+614G,NULL,TRUE,NULL,NULL,NULL,TRUE
S:494P+501Y,NULL,TRUE,NULL,NULL,NULL,TRUE
S:494P,NULL,TRUE,NULL,NULL,NULL,TRUE
S:494R,NULL,TRUE,NULL,NULL,NULL,TRUE
S:498H,NULL,TRUE,NULL,NULL,NULL,TRUE
S:499R,NULL,TRUE,NULL,NULL,NULL,TRUE
S:499S,NULL,TRUE,NULL,NULL,NULL,TRUE
S:499L,NULL,TRUE,NULL,NULL,NULL,TRUE
S:499H,NULL,TRUE,NULL,NULL,NULL,TRUE
S:49Y,NULL,TRUE,NULL,NULL,NULL,TRUE
S:49Y+614G,NULL,TRUE,NULL,NULL,NULL,TRUE
S:54F+614G,NULL,TRUE,NULL,NULL,NULL,TRUE
S:80Y+614G,NULL,TRUE,NULL,NULL,NULL,TRUE
S:500I,NULL,TRUE,NULL,NULL,NULL,TRUE
S:501N,NULL,TRUE,NULL,NULL,NULL,TRUE
S:501Y,NULL,TRUE,NULL,NULL,NULL,TRUE
S:501Y+677H,NULL,TRUE,NULL,NULL,NULL,TRUE
WA1+S:501Y,NULL,TRUE,NULL,NULL,NULL,TRUE
S:501Y+614G,NULL,TRUE,NULL,NULL,NULL,TRUE
S:501T+614G,NULL,TRUE,NULL,NULL,NULL,TRUE
S:503I+614G,NULL,TRUE,NULL,NULL,NULL,TRUE
S:501T,NULL,TRUE,NULL,NULL,NULL,TRUE
S:503F,NULL,TRUE,NULL,NULL,NULL,TRUE
S:504D,NULL,TRUE,NULL,NULL,NULL,TRUE
S:505C,NULL,TRUE,NULL,NULL,NULL,TRUE
S:505W,NULL,TRUE,NULL,NULL,NULL,TRUE
S:508H,NULL,TRUE,NULL,NULL,NULL,TRUE
S:508H+614G,NULL,TRUE,NULL,NULL,NULL,TRUE
S:519P,NULL,TRUE,NULL,NULL,NULL,TRUE
S:519P+614G,NULL,TRUE,NULL,NULL,NULL,TRUE
S:519Q,NULL,TRUE,NULL,NULL,NULL,TRUE
S:520S,NULL,TRUE,NULL,NULL,NULL,TRUE
S:520V,NULL,TRUE,NULL,NULL,NULL,TRUE
S:521S,NULL,TRUE,NULL,NULL,NULL,TRUE
S:521R+614G,NULL,TRUE,NULL,NULL,NULL,TRUE
S:522S,NULL,TRUE,NULL,NULL,NULL,TRUE
S:522V,NULL,TRUE,NULL,NULL,NULL,TRUE
S:537R,NULL,TRUE,NULL,NULL,NULL,TRUE
S:570D,NULL,TRUE,NULL,NULL,NULL,TRUE
S:583D,NULL,TRUE,NULL,NULL,NULL,TRUE
S:593R+614G,NULL,TRUE,NULL,NULL,NULL,TRUE
S:5F,NULL,TRUE,NULL,NULL,NULL,TRUE
S:5F+614G,NULL,TRUE,NULL,NULL,NULL,TRUE
S:5F+614G+677H,NULL,TRUE,NULL,NULL,NULL,TRUE
S:5F+1208H,NULL,TRUE,NULL,NULL,NULL,TRUE
S:603Q,NULL,TRUE,NULL,NULL,NULL,TRUE
S:614G,B.1,TRUE,NULL,NULL,NULL,TRUE
WA1+S:614G,B.1,TRUE,NULL,NULL,NULL,TRUE
S:614G+626S,NULL,TRUE,NULL,NULL,NULL,TRUE
S:614G+681R,NULL,TRUE,NULL,NULL,NULL,TRUE
S:614G+681H,NULL,TRUE,NULL,NULL,NULL,TRUE
S:614G+701V,NULL,TRUE,NULL,NULL,NULL,TRUE
S:614G+1144Q,NULL,TRUE,NULL,NULL,NULL,TRUE
S:614G+1229I,NULL,TRUE,NULL,NULL,NULL,TRUE
S:614G+1237I,NULL,TRUE,NULL,NULL,NULL,TRUE
S:614G+1263L,NULL,TRUE,NULL,NULL,NULL,TRUE
S:614G+831V,NULL,TRUE,NULL,NULL,NULL,TRUE
S:614G+845S,NULL,TRUE,NULL,NULL,NULL,TRUE
S:614G+879S,NULL,TRUE,NULL,NULL,NULL,TRUE
S:614G+936Y,NULL,TRUE,NULL,NULL,NULL,TRUE
S:614G+939F,NULL,TRUE,NULL,NULL,NULL,TRUE
S:614G+943T,NULL,TRUE,NULL,NULL,NULL,TRUE
S:615L,NULL,TRUE,NULL,NULL,NULL,TRUE
S:616Q,NULL,TRUE,NULL,NULL,NULL,TRUE
S:61Q,NULL,TRUE,NULL,NULL,NULL,TRUE
S:655Y,NULL,TRUE,NULL,NULL,NULL,TRUE
S:657Q,NULL,TRUE,NULL,NULL,NULL,TRUE
S:675H,NULL,TRUE,NULL,NULL,NULL,TRUE
S:677H,NULL,TRUE,NULL,NULL,NULL,TRUE
S:677P,NULL,TRUE,NULL,NULL,NULL,TRUE
S:614G+677P,NULL,TRUE,NULL,NULL,NULL,TRUE
S:679K+681H,NULL,TRUE,NULL,NULL,NULL,TRUE
S:477N+478R,NULL,TRUE,NULL,NULL,NULL,TRUE
S:681H,NULL,TRUE,NULL,NULL,NULL,TRUE
S:415I,NULL,TRUE,NULL,NULL,NULL,TRUE
S:452M,NULL,TRUE,NULL,NULL,NULL,TRUE
S:452W,NULL,TRUE,NULL,NULL,NULL,TRUE
S:455M,NULL,TRUE,NULL,NULL,NULL,TRUE
S:681R,NULL,TRUE,NULL,NULL,NULL,TRUE
S:682W,NULL,TRUE,NULL,NULL,NULL,TRUE
S:692V,NULL,TRUE,NULL,NULL,NULL,TRUE
S:683G,NULL,TRUE,NULL,NULL,NULL,TRUE
S:69del,NULL,TRUE,NULL,NULL,NULL,TRUE
S:69del+70del,NULL,TRUE,NULL,NULL,NULL,TRUE
S:69del+70del+439K,NULL,TRUE,NULL,NULL,NULL,TRUE
S:69del+70del+453F,NULL,TRUE,NULL,NULL,NULL,TRUE
S:69del+70del+453F+486L+501T+1229I,NULL,TRUE,NULL,NULL,NULL,TRUE
S:69del+70del+453F+614G,NULL,TRUE,NULL,NULL,NULL,TRUE
S:69del+70del+501Y,NULL,TRUE,NULL,NULL,NULL,TRUE
S:69del+70del+494P+501Y,NULL,TRUE,NULL,NULL,NULL,TRUE
S:69del+70del+501Y+570D,NULL,TRUE,NULL,NULL,NULL,TRUE
S:69del+70del+501Y+614G,NULL,TRUE,NULL,NULL,NULL,TRUE
WA1+S:69del+70del+501Y+614G,NULL,TRUE,NULL,NULL,NULL,TRUE
S:69del+70del+501Y+614G+681H,NULL,TRUE,NULL,NULL,NULL,TRUE
S:69del+70del+501Y+681H,NULL,TRUE,NULL,NULL,NULL,TRUE
hCoV-19/Italy/TUS-Siena2/2021,Alpha,TRUE,1163688,NULL,NULL,TRUE
S:69del+70del+614G,NULL,TRUE,NULL,NULL,NULL,TRUE
S:69del+70del+614G+796H,NULL,TRUE,NULL,NULL,NULL,TRUE
S:69del+70del+796H,NULL,TRUE,NULL,NULL,NULL,TRUE
S:701V,NULL,TRUE,NULL,NULL,NULL,TRUE
S:614G+704L,NULL,TRUE,NULL,NULL,NULL,TRUE
S:709Q,NULL,TRUE,NULL,NULL,NULL,TRUE
S:716I,NULL,TRUE,NULL,NULL,NULL,TRUE
S:74K,NULL,TRUE,NULL,NULL,NULL,TRUE
S:74Q,NULL,TRUE,NULL,NULL,NULL,TRUE
S:75V,NULL,TRUE,NULL,NULL,NULL,TRUE
S:76I,NULL,TRUE,NULL,NULL,NULL,TRUE
S:75V+76I,NULL,TRUE,NULL,NULL,NULL,TRUE
S:796H,NULL,TRUE,NULL,NULL,NULL,TRUE
S:796Y,NULL,TRUE,NULL,NULL,NULL,TRUE
S:614G+677H,NULL,TRUE,NULL,NULL,NULL,TRUE
S:614G+796H,NULL,TRUE,NULL,NULL,NULL,TRUE
S:80A,NULL,TRUE,NULL,NULL,NULL,TRUE
S:80A+614G,NULL,TRUE,NULL,NULL,NULL,TRUE
S:80A+215G+484K+501Y+701V,Beta w/o K417N,TRUE,NULL,NULL,NULL,TRUE
S:831V,NULL,TRUE,NULL,NULL,NULL,TRUE
S:839E,NULL,TRUE,NULL,NULL,NULL,TRUE
S:839Y,NULL,TRUE,NULL,NULL,NULL,TRUE
S:859N,NULL,TRUE,NULL,NULL,NULL,TRUE
S:8V,NULL,TRUE,NULL,NULL,NULL,TRUE
S:8W,NULL,TRUE,NULL,NULL,NULL,TRUE
S:936Y,NULL,TRUE,NULL,NULL,NULL,TRUE
S:943R,NULL,TRUE,NULL,NULL,NULL,TRUE
S:943T,NULL,TRUE,NULL,NULL,NULL,TRUE
S:982A,NULL,TRUE,NULL,NULL,NULL,TRUE
SPE-RII-30769S,NULL,FALSE,596228,NULL,NULL,TRUE
hCoV-19/Netherlands/ZH-EMC-2498/2020,B.1.1,FALSE,1706374,NULL,NULL,TRUE
Wuhan-Hu-1,B,FALSE,NULL,NC_045512.2,NULL,TRUE
Wuhan-Hu-1 Spike,B,FALSE,NULL,NC_045512.2,NULL,TRUE
Wuhan-Hu-1 3CLpro,B,FALSE,NULL,NC_045512.2,NULL,TRUE
Wuhan-Hu-1 RdRP,B,FALSE,NULL,NC_045512.2,NULL,TRUE
WA1,A,FALSE,2509960,MN985325.1,NULL,TRUE
WA1 Spike,A,FALSE,2509960,MN985325.1,NULL,TRUE
WA1 3CLpro,A,FALSE,2509960,MN985325.1,NULL,TRUE
A,A,FALSE,NULL,NULL,NULL,TRUE
VIC,B,FALSE,406844,MT007544.1,NULL,TRUE
VIC Spike,B,FALSE,NULL,NULL,NULL,TRUE
B.1.369 full genome,B.1.369,FALSE,NULL,NULL,NULL,TRUE
S:15S,NULL,TRUE,NULL,NULL,NULL,TRUE
S:18P,NULL,TRUE,NULL,NULL,NULL,TRUE
S:80N,NULL,TRUE,NULL,NULL,NULL,TRUE
S:142D,NULL,TRUE,NULL,NULL,NULL,TRUE
S:148S,NULL,TRUE,NULL,NULL,NULL,TRUE
S:150R,NULL,TRUE,NULL,NULL,NULL,TRUE
S:150E,NULL,TRUE,NULL,NULL,NULL,TRUE
S:151P,NULL,TRUE,NULL,NULL,NULL,TRUE
S:1174V,NULL,TRUE,NULL,NULL,NULL,TRUE
SARS-CoV-2/human/ITA/INMI1/2020,B,FALSE,NULL,MT066156,NULL,TRUE
hCoV-19/Netherlands/Diemen_1363454/2020,NULL,FALSE,413570,NULL,NULL,TRUE
B.1.1 full genome,B.1.1,FALSE,NULL,NULL,NULL,TRUE
B.1.126 full genome,B.1,FALSE,NULL,NULL,NULL,TRUE
SARS-CoV-2/human/ITA/Siena-1/2020,B.1.1,FALSE,NULL,MT531537.2,NULL,TRUE
SARS-CoV-2/human/FIN/FIN-25-VE6-H10/2020,B.1,FALSE,NULL,MW717675.1,NULL,TRUE
SARS-CoV-2/human/FIN/SR121-VE6-H10/2020,B.1.463,FALSE,NULL,MW717676.1,NULL,TRUE
SARS-CoV-2/human/FIN/87HEL-VE6-H10/2020,Alpha,FALSE,NULL,MW717677.1,NULL,TRUE
SARS-CoV-2/human/FIN/HEL-12-102-VE6-H10/2021,Beta,FALSE,NULL,MW717678.1,NULL,TRUE
hCoV-19/Finland/85HEL/2020,Alpha,FALSE,766020,NULL,NULL,TRUE
hCoV-19/Finland/HEL-12-102/2021,Beta,FALSE,995946,MW717678,NULL,TRUE
hCoV-19/India/2020770,B.1,FALSE,420546,NULL,NULL,TRUE
hCoV-19/India/2020Q111,B.4,FALSE,1061433,NULL,NULL,TRUE
B full genome,B,FALSE,NULL,NULL,NULL,TRUE
B.1 full genome,B.1,FALSE,NULL,NULL,NULL,TRUE
B.1.258 full genome,B.1.258,FALSE,NULL,NULL,NULL,TRUE
B.1 Spike,B.1,FALSE,NULL,NULL,NULL,TRUE
hCoV-19/USA/GA-EHC-083E/2020,A,FALSE,454690,NULL,NULL,TRUE
hCoV-19/Israel/CVL-45526-ngs/2020,B.1,FALSE,745046,NULL,NULL,TRUE
hCoV-19/Israel/CVL-13489/2021,Lambda,FALSE,2183708,NULL,NULL,TRUE
hCoV-19/Germany/BY-ChVir-929/2020,B.1,FALSE,406862,MT270101.1,NULL,TRUE
hCoV-19/England/IC19/2020,B.1,FALSE,475572,NULL,NULL,TRUE
20E.EU1,B.1.177,FALSE,NULL,NULL,NULL,TRUE
hCoV-19/France/ARA-isl135/2020,B.38,FALSE,1707038,NULL,NULL,TRUE
hCoV-19/France/ARA-isl137/2020,B.1.1.241,FALSE,1707040,NULL,NULL,TRUE
B.1.1.117 full genome,B.1.1.117,FALSE,NULL,NULL,NULL,TRUE
B.1.1.519 Spike,B.1.1.519,FALSE,NULL,NULL,NULL,TRUE
hCoV-19/South Africa/KRISP-K002868/2020,B.1.1.117,FALSE,602622,NULL,NULL,TRUE
hCoV-19/South Africa/KRISP-K004306/2020,B.1.1.117,FALSE,660185,NULL,NULL,TRUE
SARS-CoV-2/human/BRA/SP02/2020,B,FALSE,NULL,MT126808,NULL,TRUE
hCoV-19/India/20203522,Alpha,FALSE,825084,NULL,NULL,TRUE
hCoV-19/England/204820430/2020,Alpha,FALSE,683472,NULL,NULL,TRUE
SARS-CoV-2/human/DEU/FFM1/2020,B,FALSE,NULL,MT358638.1,NULL,TRUE
SARS-CoV-2/human/DEU/FFM7/2020,B.1,FALSE,NULL,MT358643.1,NULL,TRUE
hCoV-19/Germany/NW-RKI-I-0026/2020,Alpha,FALSE,751799,NULL,NULL,TRUE
hCoV-19/Germany/NW-RKI-I-0029/2020,Beta,FALSE,803957,NULL,NULL,TRUE
C.37 Spike,Lambda,FALSE,NULL,NULL,NULL,TRUE
C.37 Spike:+253N,Lambda,FALSE,NULL,NULL,NULL,TRUE
C.37 full genome,Lambda,FALSE,NULL,NULL,NULL,TRUE
S:75V+76I+246del+247del+248del+249del+250del+251del+252del+452Q+490S+614G+859N,Lambda,FALSE,NULL,NULL,NULL,TRUE
S:75V+76I+246del+247del+248del+249del+250del+251del+252del+253N+452Q+490S+614G+859N,Lambda,FALSE,NULL,NULL,NULL,TRUE
hCoV-19/Japan/TY7-503/2021,Gamma,FALSE,877769,MZ345000.1,NULL,TRUE
hCoV-19/England/02/2020,B,FALSE,407073,NULL,NULL,TRUE
hCoV-19/France/GES-1973/2020,B.1,FALSE,414631,NULL,NULL,TRUE
hCoV-19/France/CVL-SC719/2020,Alpha,FALSE,735391,NULL,NULL,TRUE
hCoV-19/France/IDF-IPP00078/2021,Beta,FALSE,964916,NULL,NULL,TRUE
hCoV-19/Japan/TY7-501/2021,Gamma,FALSE,833366,NULL,NULL,TRUE
hCoV-19/France/UN-FRA-WGS157/2020,B.1,FALSE,779254,MW322968.1,NULL,TRUE
hCoV-19/France/UK-4_2021/2021,Alpha,FALSE,NULL,MW633280.1,NULL,TRUE
hCoV-19/France/ZA-1/2021,Beta,FALSE,NULL,MW580244.1,NULL,TRUE
SARS-CoV-2/UT-NCGM02/Human/2020/Tokyo,B,FALSE,NULL,MW219695.1,NULL,TRUE
SARS-CoV-2/UT-HP095-1N/Human/2020/Tokyo,B.1,FALSE,NULL,NULL,NULL,TRUE
hCoV-19/England/204820464/2020,Alpha,FALSE,683466,NULL,NULL,TRUE
hCoV-19/South Africa/KRISP-EC-K005321/2020,Beta,FALSE,678570,NULL,NULL,TRUE
P.1 full genome (Leier21),Gamma,FALSE,NULL,NULL,NULL,TRUE
hCoV-19/Italy/APU-IZSPB-399PT/2020,Alpha,FALSE,745193,NULL,NULL,TRUE
hCoV-19/South Africa/KRISP-K005325/2020,Beta,FALSE,678615,NULL,NULL,TRUE
S:18F+80A+215G+246I+417N+484K+501Y+614G+701V,Beta,FALSE,NULL,NULL,NULL,TRUE
S:18F+80A+215G+242H+246I+417N+484K+501Y+614G+701V,Beta,FALSE,NULL,NULL,NULL,TRUE
hCoV-19/Italy/TUS-Siena7/2021,Beta,FALSE,1163689,NULL,NULL,TRUE
S:69del+70del+144del+501Y+570D+614G+681H+716I+982A+1118H,Alpha,FALSE,NULL,NULL,NULL,TRUE
S:69del+70del+144del+372S+501Y+570D+614G+681H+716I+982A+1118H,Alpha/A372S,FALSE,NULL,NULL,NULL,TRUE
S:69del+70del+144del+501Y+570D+614G+677H+681H+716I+982A+1118H,Alpha/Q677H,FALSE,NULL,NULL,NULL,TRUE
S:69del+70del+144del+501Y+570D+614G+716I+982A+1118H,Alpha,FALSE,NULL,NULL,NULL,TRUE
S:69del+70del+144del+154Q+484K+501Y,NULL,FALSE,NULL,NULL,NULL,TRUE
S:478K+614G+681H+732A,B.1.1.519,FALSE,NULL,NULL,NULL,TRUE
S:69del+70del+439K+614G,NULL,FALSE,NULL,NULL,NULL,TRUE
S:52R+67V+69del+70del+144del+484K+614G+677H+888L,Eta,FALSE,NULL,NULL,NULL,TRUE
S:52R+67V+69del+70del+145del+484K+614G+677H+888L,Eta,FALSE,NULL,NULL,NULL,TRUE
S:52R+69del+70del+144del+484K+614G+677H+888L,Eta,FALSE,NULL,NULL,NULL,TRUE
S:484K+614G+677H+732S+1202Q,R.2,FALSE,NULL,NULL,NULL,TRUE
S:13I+152C+452R,Epsilon,TRUE,NULL,NULL,NULL,TRUE
S:13I+152C+452R+614G,Epsilon,FALSE,NULL,NULL,NULL,TRUE
S:13I+26S+152C+452R+614G,Epsilon,FALSE,NULL,NULL,NULL,TRUE
S:13I+152C+452R+484K+614G,Epsilon/E484K,FALSE,NULL,NULL,NULL,TRUE
S:102I+157L+367F+484K+613H+681R,A.23.1,FALSE,NULL,NULL,NULL,TRUE
S:154K,NULL,TRUE,NULL,NULL,NULL,TRUE
S:154K+452R+484Q+614G+681R,Kappa,FALSE,NULL,NULL,NULL,TRUE
S:95I+142D+154K+452R+484Q+614G+681R+1071H,Kappa,FALSE,NULL,NULL,NULL,TRUE
S:95I+154K+452R+484Q+614G+681R,Kappa,FALSE,NULL,NULL,NULL,TRUE
S:95I+153I+154K+452R+484Q+614G+681R+1071H,Kappa,FALSE,NULL,NULL,NULL,TRUE
S:95I+142D+154K+452R+484Q+614G+1071H,Kappa,FALSE,NULL,NULL,NULL,TRUE
S:19R+452R+478K+484K+490S+501Y+523N+614G+681R+950N,Delta/N501Y+E484K+F490S,FALSE,NULL,NULL,NULL,TRUE
S:19R+70F+156G+157del+158del+222V+417N+452R+478K+614G+681R+950N,Delta/K417N,FALSE,NULL,TRUE,NULL,TRUE
S:19R+142D+156G+157del+158del+452R+478K+614G+681R+950N,Delta,FALSE,NULL,NULL,NULL,TRUE
S:19R+142D+157del+158del+452R+478K+614G+681R+950N,Delta,FALSE,NULL,NULL,NULL,TRUE
S:19R+157del+158del+452R+478K+614G+681R+950N,Delta,FALSE,NULL,NULL,NULL,TRUE
S:19R+157del+158del+452R+478K+484K+614G+681R+950N,Delta/E484K,FALSE,NULL,NULL,NULL,TRUE
S:19R+157del+158del+417N+452R+478K+614G+681R+950N,Delta/K417N,FALSE,NULL,NULL,NULL,TRUE
S:19R+142D+144del+156G+157del+158del+222V+452R+478K+614G+681R+950N,Delta,FALSE,NULL,NULL,NULL,TRUE
S:19R+142D+156G+157del+158del+452R+484Q+614G+681R+950N,B.1.617.3,FALSE,NULL,NULL,NULL,TRUE
S:19R+142D+156del+157del+158G+452R+478K+614G+681R+950N,Delta,FALSE,NULL,NULL,NULL,TRUE
S:19R+142D+156del+157del+158G+452R+478K+614G+950N,Delta,FALSE,NULL,NULL,NULL,TRUE
S:19R+142D+156del+157del+158G+417N+452R+478K+614G+681R+950N,Delta/K417N,FALSE,NULL,NULL,NULL,TRUE
S:19R+95I+142D+156G+157del+158del+258L+417N+452R+478K+558N+614G+681R+950N,Delta/K417N,FALSE,NULL,NULL,NULL,TRUE
S:19R+95I+142D+156G+157del+158del+258L+417N+452R+478K+614G+681R+950N,Delta/K417N,FALSE,NULL,NULL,NULL,TRUE
S:19R+95I+142D+156G+157del+158del+452R+478K+614G+681R+950N,Delta,FALSE,NULL,NULL,NULL,TRUE
S:19R+95I+142D+145H+156G+157del+158del+222V+452R+478K+614G+681R+950N,Delta,FALSE,NULL,NULL,NULL,TRUE
S:19R+95I+142D+157del+158del+222V+452R+478K+614G+681R+950N,Delta,FALSE,NULL,NULL,NULL,TRUE
S:19R+70F+142D+156G+157del+158del+222V+417N+452R+478K+614G+681R+950N+1228L,Delta/K417N,FALSE,NULL,NULL,NULL,TRUE
S:19R+70F+142D+156G+157del+158del+222V+417N+452R+478K+614G+681R+950N,Delta/K417N,FALSE,NULL,NULL,NULL,TRUE
S:19R+156del+157del+158G+452R+478K+614G+681R+950N,Delta,FALSE,NULL,NULL,NULL,TRUE
S:19R+156del+157del+158del+452R+478K+614G+681R+950N,Delta,FALSE,NULL,NULL,NULL,TRUE
S:19R+156del+157del+158G+452R+484Q+614G+681R+950N,B.1.617.3,FALSE,NULL,NULL,NULL,TRUE
S:19R+144del+452R+478K+614G+681R+950N,Delta,FALSE,NULL,NULL,NULL,TRUE
S:19R+144del+156del+157del+158G+452R+478K+614G+681R+950N,Delta,FALSE,NULL,NULL,NULL,TRUE
S:19R+69del+70del+144del+452R+478K+614G+681R+950N,Delta,FALSE,NULL,NULL,NULL,TRUE
S:19R+69del+70del+144del+156del+157del+158G+452R+478K+614G+681R+950N,Delta,FALSE,NULL,NULL,NULL,TRUE
S:142D+156del+157del+158G+452R+478K,NULL,FALSE,NULL,NULL,NULL,TRUE
S:440K+484K,NULL,TRUE,NULL,NULL,NULL,TRUE
S:69del+70del+144del+484K+501Y+570D+614G+681H+716I+982A+1118H,Alpha/E484K,FALSE,NULL,NULL,NULL,TRUE
S:333I+614G,NULL,TRUE,NULL,NULL,NULL,TRUE
S:339S+614G,NULL,TRUE,NULL,NULL,NULL,TRUE
S:339C+614G,NULL,TRUE,NULL,NULL,NULL,TRUE
S:344T+614G,NULL,TRUE,NULL,NULL,NULL,TRUE
S:346I+614G,NULL,TRUE,NULL,NULL,NULL,TRUE
S:346T+614G,NULL,TRUE,NULL,NULL,NULL,TRUE
S:95I+354K,NULL,TRUE,NULL,NULL,NULL,TRUE
S:354H+614G,NULL,TRUE,NULL,NULL,NULL,TRUE
S:356R+614G,NULL,TRUE,NULL,NULL,NULL,TRUE
S:356N+614G,NULL,TRUE,NULL,NULL,NULL,TRUE
S:356M+614G,NULL,TRUE,NULL,NULL,NULL,TRUE
S:356T+614G,NULL,TRUE,NULL,NULL,NULL,TRUE
S:356E+614G,NULL,TRUE,NULL,NULL,NULL,TRUE
S:356Q+614G,NULL,TRUE,NULL,NULL,NULL,TRUE
S:358F+614G,NULL,TRUE,NULL,NULL,NULL,TRUE
S:357K+614G,NULL,TRUE,NULL,NULL,NULL,TRUE
S:357I+614G,NULL,TRUE,NULL,NULL,NULL,TRUE
S:358V+614G,NULL,TRUE,NULL,NULL,NULL,TRUE
S:358L,NULL,TRUE,NULL,NULL,NULL,TRUE
S:359G+614G,NULL,TRUE,NULL,NULL,NULL,TRUE
S:359R+614G,NULL,TRUE,NULL,NULL,NULL,TRUE
S:440Y+614G,NULL,TRUE,NULL,NULL,NULL,TRUE
S:440S+614G,NULL,TRUE,NULL,NULL,NULL,TRUE
S:441F+614G,NULL,TRUE,NULL,NULL,NULL,TRUE
S:441I+614G,NULL,TRUE,NULL,NULL,NULL,TRUE
S:483F+614G,NULL,TRUE,NULL,NULL,NULL,TRUE
S:359T+614G,NULL,TRUE,NULL,NULL,NULL,TRUE
S:359I+614G,NULL,TRUE,NULL,NULL,NULL,TRUE
S:360S+614G,NULL,TRUE,NULL,NULL,NULL,TRUE
S:360Y+614G,NULL,TRUE,NULL,NULL,NULL,TRUE
S:440I+614G,NULL,TRUE,NULL,NULL,NULL,TRUE
S:440T+614G,NULL,TRUE,NULL,NULL,NULL,TRUE
S:440E+614G,NULL,TRUE,NULL,NULL,NULL,TRUE
S:440F+614G,NULL,TRUE,NULL,NULL,NULL,TRUE
S:441R+614G,NULL,TRUE,NULL,NULL,NULL,TRUE
S:441V+614G,NULL,TRUE,NULL,NULL,NULL,TRUE
S:441P+614G,NULL,TRUE,NULL,NULL,NULL,TRUE
S:449N,NULL,TRUE,NULL,NULL,NULL,TRUE
S:449S+614G,NULL,TRUE,NULL,NULL,NULL,TRUE
S:417V+439K+614G,NULL,TRUE,NULL,NULL,NULL,TRUE
S:479S+614G+1121L,NULL,TRUE,NULL,NULL,NULL,TRUE
S:490L+614G,NULL,TRUE,NULL,NULL,NULL,TRUE
S:484Q+614G+779H,NULL,TRUE,NULL,NULL,NULL,TRUE
hCoV-19/Finland/1/2020,B,FALSE,407079,MT020781.2,NULL,TRUE
S:456K+614G,NULL,TRUE,NULL,NULL,NULL,TRUE
S:484P+614G,NULL,TRUE,NULL,NULL,NULL,TRUE
S:446V+456V+484P+614G,NULL,TRUE,NULL,NULL,NULL,TRUE
S:456V+614G,NULL,TRUE,NULL,NULL,NULL,TRUE
S:456A+614G,NULL,TRUE,NULL,NULL,NULL,TRUE
S:384L+614G,NULL,TRUE,NULL,NULL,NULL,TRUE
hCoV-19/England/204690005/2020,Alpha,FALSE,693401,NULL,NULL,TRUE
A_MZ469053,A,FALSE,NULL,MZ469053,NULL,TRUE
B.1.526_MZ467323,Iota/S477N,FALSE,NULL,MZ467323,NULL,TRUE
B.1.526_MZ467333,Iota/S477N,FALSE,NULL,MZ467333,NULL,TRUE
B.1.1.7_MZ202178,Alpha,FALSE,NULL,MZ202178,NULL,TRUE
B.1.517_MZ468008,B.1.517,FALSE,NULL,MZ468008,NULL,TRUE
B.1.526_MZ201303,Iota/E484K,FALSE,NULL,MZ201303,NULL,TRUE
R.1_MZ467697,R.1,FALSE,NULL,MZ467697,NULL,TRUE
S:152L+484K+614G+769V,R.1,FALSE,NULL,NULL,NULL,TRUE
R.1 Spike,R.1,FALSE,NULL,NULL,NULL,TRUE
B.1.427_MZ467318,Epsilon,FALSE,NULL,MZ467318,NULL,TRUE
B.1.526_MZ467322,B.1.526,FALSE,NULL,MZ467322,NULL,TRUE
B.1.429_MZ467319,Epsilon,FALSE,NULL,MZ467319,NULL,TRUE
B.1.525_MZ467313,Eta,FALSE,NULL,MZ467313,NULL,TRUE
B.1.617.1_MZ468046,Kappa,FALSE,NULL,MZ468046,NULL,TRUE
P.1_MZ202306,Gamma,FALSE,NULL,MZ202306,NULL,TRUE
MZ467989,B.1/E484K,FALSE,NULL,MZ467989,NULL,TRUE
B.1.1.7_MZ467988,Alpha/E484K,FALSE,NULL,MZ467988,NULL,TRUE
B.1.351_MZ468007,Beta,FALSE,NULL,MZ468007,NULL,TRUE
B.1.351_MZ202314,Beta,FALSE,NULL,MZ202314,NULL,TRUE
B.1.621 full genome,Mu,FALSE,NULL,NULL,NULL,TRUE
B.1.621 Spike,Mu,FALSE,NULL,NULL,NULL,TRUE
S:144T+145SN,NULL,TRUE,NULL,NULL,NULL,TRUE
S:95I+144T+145SN+346K+484K+501Y+614G+681H+950N,Mu,FALSE,NULL,NULL,NULL,TRUE
S:95I+144TS+145N+346K+484K+501Y+681H+950N,Mu,FALSE,NULL,NULL,NULL,TRUE
S:95I+144T+145S+146N+346K+484K+501Y+614G+681H+950N,Mu,FALSE,NULL,NULL,NULL,TRUE
S:95I+144S+145N+346K+484K+501Y+614G+681H+950N,Mu,FALSE,NULL,NULL,NULL,TRUE
S:95I+346K+484K+501Y+614G+681H+950N,Mu,FALSE,NULL,NULL,NULL,TRUE
S:95I+144T+145SN+346K+501Y+614G+681H+950N,Mu/-E484K,FALSE,NULL,NULL,NULL,TRUE
S:95I+346K+501Y+614G+681H+950N,NULL,FALSE,NULL,NULL,NULL,TRUE
S:75V+76I+246N+247del+248del+249del+250del+251del+252del+253del+452Q+490S+614G+859N,Lambda,TRUE,NULL,NULL,NULL,TRUE
S:75V+76I+452Q+490S+614G+859N,NULL,TRUE,NULL,NULL,NULL,TRUE
S:75V+614G,NULL,TRUE,NULL,NULL,NULL,TRUE
S:76I+614G,NULL,TRUE,NULL,NULL,NULL,TRUE
S:75V+76I+614G,NULL,TRUE,NULL,NULL,NULL,TRUE
S:246N+247del+248del+249del+250del+251del+252del+253del,NULL,TRUE,NULL,NULL,NULL,TRUE
S:452Q+614G,NULL,TRUE,NULL,NULL,NULL,TRUE
S:452Q+614G+704L,NULL,TRUE,NULL,NULL,NULL,TRUE
S:452M+614G,NULL,TRUE,NULL,NULL,NULL,TRUE
S:452M+486L+614G,NULL,TRUE,NULL,NULL,NULL,TRUE
S:452Q+490S,NULL,TRUE,NULL,NULL,NULL,TRUE
S:452Q+490S+614G,NULL,TRUE,NULL,NULL,NULL,TRUE
S:614G+859N,NULL,TRUE,NULL,NULL,NULL,TRUE
S:64R+486S,NULL,TRUE,NULL,NULL,NULL,TRUE
S:64R,NULL,TRUE,NULL,NULL,NULL,TRUE
S:64R+614G,NULL,TRUE,NULL,NULL,NULL,TRUE
S:152R,NULL,TRUE,NULL,NULL,NULL,TRUE
S:215H+614G,NULL,TRUE,NULL,NULL,NULL,TRUE
S:950N,NULL,TRUE,NULL,NULL,NULL,TRUE
B.1.351 Spike:-18F+241del-244del-246I,Beta,FALSE,NULL,NULL,NULL,TRUE
S:142D+154K+382L+452R+484Q+614G+681R+1071H+1153Y,Kappa,FALSE,NULL,NULL,NULL,TRUE
S:142D+154K+157del+158del+222V+452R+478K+614G+681R+950N,Delta,FALSE,NULL,NULL,NULL,TRUE
S:67V+142D+156G+157del+158del+452R+478K+614G+681R+950N,Delta,FALSE,NULL,NULL,NULL,TRUE
hCoV-19/Russia/Moscow_PMVL-1/2020,B.1.1.1,FALSE,421275,NULL,NULL,TRUE
hCoV-19/Netherlands/NoordHolland_20432/2020,Alpha,FALSE,NULL,NULL,NULL,TRUE
hCoV-19/Russia/SPE-RII-27029S/2021,Beta,FALSE,1257814,NULL,NULL,TRUE
hCoV-19/Russia/MOW-PMVL-31/2020,B.1.1.141,FALSE,1710849,NULL,NULL,TRUE
hCoV-19/Russia/MOW-PMVL-43/2021,B.1.1.317,FALSE,1710861,NULL,NULL,TRUE
S:69del+70del+124I+144del+501Y+570D+614G+681H+716I+982A+1118H,Alpha,FALSE,NULL,NULL,NULL,TRUE
S:68del+69del+70del+144del+145del+501Y+570D+614G+681H+716I+982A+1118H,Alpha,FALSE,NULL,NULL,NULL,TRUE
S:63del+64del+65del+66del+67del+68del+69del+70del+71del+72del+73del+74del+75del+246del+247del+248del+249del+250del+251del+252del+253N+452Q+471Q+490S,Lambda,FALSE,NULL,NULL,NULL,TRUE
hCoV-19/Japan/QHN001/2020,Alpha,FALSE,804007,NULL,NULL,TRUE
hCoV-19/USA/CA-Stanford-15_S02/2021,Kappa,FALSE,1675223,NULL,NULL,TRUE
hCoV-19/USA/WI-UW-5250/2021,Delta,FALSE,17068772,NULL,NULL,TRUE
hCoV-19/USA/WI-UW-5250/2021+3CLpro:T21I,Delta,FALSE,NULL,NULL,NULL,TRUE
hCoV-19/USA/WI-UW-5250/2021+3CLpro:T21I+K90R,Delta,FALSE,NULL,NULL,NULL,TRUE
hCoV-19/USA/WI-UW-5250/2021+3CLpro:L167F,Delta,FALSE,NULL,NULL,NULL,TRUE
hCoV-19/USA/WI-UW-5250/2021+3CLpro:M49L,Delta,FALSE,NULL,NULL,NULL,TRUE
hCoV-19/USA/WI-UW-5250/2021+3CLpro:E166A,Delta,FALSE,NULL,NULL,NULL,TRUE
hCoV-19/USA/WI-UW-5250/2021+3CLpro:M49L+E166A,Delta,FALSE,NULL,NULL,NULL,TRUE
hCoV-19/USA/WI-UW-5250/2021+3CLpro:L50F+E166V,Delta,FALSE,NULL,NULL,NULL,TRUE
hCoV-19/USA/WI-UW-5250/2021+3CLpro:L50F+E166A+L167F,Delta,FALSE,NULL,NULL,NULL,TRUE
England/MIG457/2020,Alpha,FALSE,NULL,NULL,NULL,TRUE
hCoV-19/Netherlands/NoordHolland_10159/2021,Beta,FALSE,NULL,NULL,NULL,TRUE
hCoV-19/India/un-NIV_P1_20203524/2020,B.1.258,FALSE,825088,NULL,NULL,TRUE
hCoV-19/India/DL-ICMR-30100647IST_P3/2021,Delta,FALSE,2400521,NULL,NULL,TRUE
hCoV-19/India/TN-ICMR-MCL_3687_4681_Iso/2021,Delta/K417N,FALSE,2671901,NULL,NULL,TRUE
hCoV-19/India/MH-ICMR-202356035_isolate/2021,B.1.617.3,FALSE,2497905,NULL,NULL,TRUE
hCoV-19/Argentina/PAIS-G0001/2020,B.1,FALSE,499083,NULL,NULL,TRUE
hCoV-19/Argentina/INEIINBIRS-14/2021,Alpha,FALSE,2756558,NULL,NULL,TRUE
hCoV-19/Argentina/INEIINBIRS-12/2021,Gamma,FALSE,2756556,NULL,NULL,TRUE
hCoV-19/Argentina/PAIS-A0612/2021,Lambda,FALSE,3320903,NULL,NULL,TRUE
hCoV-19/Australia/NSW2713/2020,B.1.319,FALSE,707891,NULL,NULL,TRUE
B.1.319 full genome,B.1.319,FALSE,NULL,NULL,NULL,TRUE
hCoV-19/Australia/NSW712/2020,NULL,FALSE,513355,NULL,NULL,TRUE
hCoV-19/Australia/NSW3878/2021,Alpha,FALSE,794671,NULL,NULL,TRUE
hCoV-19/Australia/NSW3872/2021,Beta,FALSE,775245,NULL,NULL,TRUE
hCoV-19/Australia/NSW4318/2021,Gamma,FALSE,1121976,NULL,NULL,TRUE
hCoV-19/Australia/NSW-R0099/2021,Zeta,FALSE,1121987,NULL,NULL,TRUE
hCoV-19/USA/NY-NP-DOH1/2021,Iota/E484K,FALSE,1080761,NULL,NULL,TRUE
MZ427280,Alpha,FALSE,NULL,MZ427280,NULL,TRUE
MZ317895,Epsilon,FALSE,NULL,MZ317895,NULL,TRUE
MZ317896.2,Epsilon,FALSE,NULL,MZ317896.2,NULL,TRUE
MZ315140,Kappa,FALSE,NULL,MZ315140,NULL,TRUE
MZ315141,Delta,FALSE,NULL,MZ315141,NULL,TRUE
hCoV-19/Chile/RM-266418/2020,Alpha,FALSE,1167921,NULL,NULL,TRUE
hCoV-19/Chile/VS-42090/2021,Gamma,FALSE,1321471,NULL,NULL,TRUE
hCoV-19/Italy/LOM-UniMI34/2021,Gamma,FALSE,2472918,NULL,NULL,TRUE
hCoV-19/Italy/LOM-UniMI32/2020,B.1,FALSE,2472896,NULL,NULL,TRUE
hCoV-19/USA/MD-HP01542/2021,Beta,FALSE,890360,NULL,NULL,TRUE
hCoV-19/USA/WI-UW-4340/2021,Mu,FALSE,1827552,NULL,NULL,TRUE
hCoV-19/USA/MA-JLL-D75/2020,B.1.486,FALSE,593480,NULL,NULL,TRUE
hCoV-19/USA/MA-JLL-D146/2020,B.1.486,FALSE,593557,NULL,NULL,TRUE
hCoV-19/USA/MA-JLL-D152/2020,B.1.486,FALSE,593558,NULL,NULL,TRUE
hCoV-19/USA/MA-JLL-D130/2020,B.1.486,FALSE,593555,NULL,NULL,TRUE
hCoV-19/USA/MA-JLL-D18/2020,B.1.486,FALSE,593478,NULL,NULL,TRUE
hCoV-19/USA/MA-JLL-D25/2020,B.1.486,FALSE,593479,NULL,NULL,TRUE
hCoV-19/USA/MA-JLL-D143/2020,B.1.486,FALSE,593556,NULL,NULL,TRUE
hCoV-19/USA/MA-JLL-D81/2020,B.1.486,FALSE,593553,NULL,NULL,TRUE
hCoV-19/USA/MA-JLL-D128/2020,B.1.486,FALSE,593554,NULL,NULL,TRUE
Hospitalized placebo samples,NULL,FALSE,NULL,NULL,NULL,FALSE
Hospitalized low dose samples,NULL,FALSE,NULL,NULL,NULL,FALSE
Hospitalized high dose samples,NULL,FALSE,NULL,NULL,NULL,FALSE
Non-hospitalized placebo samples,NULL,FALSE,NULL,NULL,NULL,FALSE
Non-hospitalized low dose samples,NULL,FALSE,NULL,NULL,NULL,FALSE
Non-hospitalized high dose samples,NULL,FALSE,NULL,NULL,NULL,FALSE
Placebo prevention hamster samples,NULL,FALSE,NULL,NULL,NULL,FALSE
REGEN-COV prevention low dose hamster samples,NULL,FALSE,NULL,NULL,NULL,FALSE
REGN10933 prevention low dose hamster samples,NULL,FALSE,NULL,NULL,NULL,FALSE
REGN10987 prevention low dose hamster samples,NULL,FALSE,NULL,NULL,NULL,FALSE
REGEN-COV prevention high dose hamster samples,NULL,FALSE,NULL,NULL,NULL,FALSE
REGN10933 prevention high dose hamster samples,NULL,FALSE,NULL,NULL,NULL,FALSE
REGN10987 prevention high dose hamster samples,NULL,FALSE,NULL,NULL,NULL,FALSE
Placebo treatment hamster samples,NULL,FALSE,NULL,NULL,NULL,FALSE
REGEN-COV treatment low dose hamster samples,NULL,FALSE,NULL,NULL,NULL,FALSE
REGN10933 treatment low dose hamster samples,NULL,FALSE,NULL,NULL,NULL,FALSE
REGN10987 treatment low dose hamster samples,NULL,FALSE,NULL,NULL,NULL,FALSE
REGEN-COV treatment high dose hamster samples,NULL,FALSE,NULL,NULL,NULL,FALSE
REGN10933 treatment high dose hamster samples,NULL,FALSE,NULL,NULL,NULL,FALSE
REGN10987 treatment high dose hamster samples,NULL,FALSE,NULL,NULL,NULL,FALSE
S:64R+261R+372T+655Y,NULL,FALSE,NULL,NULL,NULL,TRUE
S:64R+261R+372T+490S+655Y,NULL,FALSE,NULL,NULL,NULL,TRUE
S:64R+145D+261R+372T+655Y,NULL,FALSE,NULL,NULL,NULL,TRUE
S:64R+150E+261R+372T+655Y,NULL,FALSE,NULL,NULL,NULL,TRUE
S:64R+152R+261R+372T+655Y,NULL,FALSE,NULL,NULL,NULL,TRUE
hCoV-19/Japan/TY-WK-521/2020,A,FALSE,408667,NULL,NULL,TRUE
hCoV-19/Japan/QHN002/2020,Alpha,FALSE,804008,NULL,NULL,TRUE
hCoV-19/Japan/TY8-612-P0,Beta,FALSE,1122890,NULL,NULL,TRUE
S:80A+215G+241del+242del+243del+417N+484K+501Y+614G+701V,Beta,FALSE,NULL,NULL,NULL,TRUE
hCoV-19/Germany/BW-ChVir22131/2021,Beta,FALSE,862149,NULL,NULL,TRUE
hCoV-19/Germany/SN-RKI-I-038776/2021,Alpha,FALSE,1285137,NULL,NULL,TRUE
hCoV-19/Germany/SN-RKI-I-178035/2021,Alpha,FALSE,2634728,NULL,NULL,TRUE
hCoV-19/Germany/SN-UKDD-91348010S+/2021,Alpha,FALSE,4932671,NULL,NULL,TRUE
SARS-CoV-2/human/GBR/liverpool_strain/2020,B,FALSE,NULL,MW041156.1,NULL,TRUE
hCoV-19/Finland/THL-202102301/2021,Alpha,FALSE,2590786,NULL,NULL,TRUE
hCoV-19/Finland/THL-202117309/2021,Delta,FALSE,2557176,NULL,NULL,TRUE
hCoV-19/Finland/THL-202101018/2021,Beta,FALSE,3471851,NULL,NULL,TRUE
S:156del+157del+158G,NULL,FALSE,NULL,NULL,NULL,TRUE
S:156del+157del+158G+452R,NULL,FALSE,NULL,NULL,NULL,TRUE
S:156del+157del+158G+484Q,NULL,FALSE,NULL,NULL,NULL,TRUE
S:156del+157del+158G+452R+484Q,NULL,FALSE,NULL,NULL,NULL,TRUE
S:19R,NULL,FALSE,NULL,NULL,NULL,TRUE
S:19R+95I,NULL,FALSE,NULL,NULL,NULL,TRUE
S:95I,NULL,FALSE,NULL,NULL,NULL,TRUE
S:95I+614G,NULL,FALSE,NULL,NULL,NULL,TRUE
S:98F+614G,NULL,FALSE,NULL,NULL,NULL,TRUE
hCoV-19/Italy/ABR-IZSGC-TE46419/2020,B.1,FALSE,529023,NULL,NULL,TRUE
hCoV-19/Italy/ABR-IZSGC-351570/2020,B.1.117.83,FALSE,806743,NULL,NULL,TRUE
hCoV-19/Italy/ABR-TE353967/2020,Alpha,FALSE,738046,NULL,NULL,TRUE
hCoV-19/Italy/ABR-IZSGC-91401/2021,NULL,FALSE,1117522,NULL,NULL,TRUE
hCoV-19/Italy/ABR-IZSGC-353326/2020,B.1.1.39,FALSE,806746,NULL,NULL,TRUE
hCoV-19/Italy/ABR-IZSGC-TE362018/2020,NULL,FALSE,833085,NULL,NULL,TRUE
hCoV-19/Italy/ABR-IZSGC-101439/2021,B.1.258,FALSE,1250984,NULL,NULL,TRUE
hCoV-19/Italy/ABR-IZSGC-100865/2021,B.1.1.189,FALSE,1117525,NULL,NULL,TRUE
hCoV-19/Italy/ABR-IZSGC-91677/2021,B.1.177.81,FALSE,1117524,NULL,NULL,TRUE
hCoV-19/Italy/ABR-IZSGC-98432/2021,B.1.1.420,FALSE,1117698,NULL,NULL,TRUE
hCoV-19/Italy/ABR-IZSGC-106022/2021,Gamma,FALSE,1251006,NULL,NULL,TRUE
hCoV-19/Italy/ABR-IZSGC-288699/2021,Delta,FALSE,2673654,NULL,NULL,TRUE
hCoV-19/USA/WA-CDC-02982586-001/2020,A,FALSE,404895,NULL,NULL,TRUE
hCoV-19/USA/NY-MSHSPSP-PV24850/2020,Iota,FALSE,3690642,NULL,NULL,TRUE
hCoV-19/USA/NY-MSHSPSP-PV25278/2021,Iota/S477N,FALSE,1300884,NULL,NULL,TRUE
hCoV-19/USA/NY-MSHSPSP-PV26425/2021,Iota/E484K,FALSE,1300892,NULL,NULL,TRUE
hCoV-19/USA/NY-MSHSPSP-PV27616/2021,Alpha/E484K,FALSE,1300810,NULL,NULL,TRUE
hCoV-19/USA/NY-MSHSPSP-PV29995/2021,Delta,FALSE,2290769,NULL,NULL,TRUE
hCoV-19/USA/NY-MSHSPSP-PV27007/2021,Beta,FALSE,1708926,NULL,NULL,TRUE
hCoV-19/USA/NY-MSHSPSP-PV29369/2021,Lambda,FALSE,1709236,NULL,NULL,TRUE
B.1.526 full genome/E484K,Iota/E484K,FALSE,NULL,NULL,NULL,TRUE
B.1.526 full genome/S477N,Iota/S477N,FALSE,NULL,NULL,NULL,TRUE
S:604I+1118G,NULL,TRUE,NULL,NULL,NULL,TRUE
S:258R,NULL,TRUE,NULL,NULL,NULL,TRUE
S:801D,NULL,TRUE,NULL,NULL,NULL,TRUE
S:792H,NULL,TRUE,NULL,NULL,NULL,TRUE
S:1061M,NULL,TRUE,NULL,NULL,NULL,TRUE
S:248H,NULL,TRUE,NULL,NULL,NULL,TRUE
S:144C+604I,NULL,TRUE,NULL,NULL,NULL,TRUE
S143G+1010R,NULL,TRUE,NULL,NULL,NULL,TRUE
S:794T,NULL,TRUE,NULL,NULL,NULL,TRUE
S:147N,NULL,TRUE,NULL,NULL,NULL,TRUE
S:47M+1128A,NULL,TRUE,NULL,NULL,NULL,TRUE
S:142E+623T+681S,NULL,TRUE,NULL,NULL,NULL,TRUE
S:147E,NULL,TRUE,NULL,NULL,NULL,TRUE
S:25L+604I,NULL,TRUE,NULL,NULL,NULL,TRUE
S:378R+450D,NULL,TRUE,NULL,NULL,NULL,TRUE
S:813I,NULL,TRUE,NULL,NULL,NULL,TRUE
S:247P+801D,NULL,TRUE,NULL,NULL,NULL,TRUE
S:15G,NULL,TRUE,NULL,NULL,NULL,TRUE
S:145K+931M,NULL,TRUE,NULL,NULL,NULL,TRUE
S:254Y+801D,NULL,TRUE,NULL,NULL,NULL,TRUE
S:242P+1162S,NULL,TRUE,NULL,NULL,NULL,TRUE
S:14H,NULL,TRUE,NULL,NULL,NULL,TRUE
S:260T,NULL,TRUE,NULL,NULL,NULL,TRUE
S:64R+244P,NULL,TRUE,NULL,NULL,NULL,TRUE
S:142E+604I,NULL,TRUE,NULL,NULL,NULL,TRUE
S:446R,NULL,TRUE,NULL,NULL,NULL,TRUE
S:140S+759S+931M,NULL,TRUE,NULL,NULL,NULL,TRUE
S:243D,NULL,TRUE,NULL,NULL,NULL,TRUE
S:145C,NULL,TRUE,NULL,NULL,NULL,TRUE
S:260V,NULL,TRUE,NULL,NULL,NULL,TRUE
S:445M,NULL,TRUE,NULL,NULL,NULL,TRUE
S:244P,NULL,TRUE,NULL,NULL,NULL,TRUE
S:444Q+1128A,NULL,TRUE,NULL,NULL,NULL,TRUE
PMS1-1,PMS1-1,FALSE,NULL,NULL,NULL,TRUE
PMS20,PMS20,FALSE,NULL,NULL,NULL,TRUE
AY.4 full genome,Delta,FALSE,NULL,NULL,NULL,TRUE
AY.4.2 full genome,Delta,FALSE,NULL,NULL,NULL,TRUE
B.1.617.2 full genome + S:484K,Delta/E484K,FALSE,NULL,NULL,NULL,TRUE
B.1.617.2 full genome + S:417N,Delta/K417N,FALSE,NULL,NULL,NULL,TRUE
PMSD4,PMSD4,FALSE,NULL,NULL,NULL,TRUE
18F+80A+215G+242del+243del+244del+417N+484K+501Y+614G+701V,Beta,FALSE,NULL,NULL,NULL,TRUE
hCoV-19/pangolin/Guangdong/1/2019 Spike,pCoV-GD,FALSE,410721,NULL,NULL,FALSE
hCoV-19/pangolin/Guangxi/P2V/2017 Spike,pCoV-GX,FALSE,410542,NULL,NULL,FALSE
RaTG13 Spike,bCoV-RaTG13,FALSE,NULL,MN996532.2,NULL,FALSE
SARS-CoV Spike,SARS-CoV-1,FALSE,NULL,NC_004718,NULL,FALSE
SARS-CoV Spike:+359A,SARS-CoV-1,FALSE,NULL,NULL,NULL,FALSE
WIV1 Spike,WIV1,FALSE,NULL,KF367457.1,NULL,FALSE
S:69del+70del+95I+144del+157L+440K+484K+614G+950N+1228L,B.1.523,FALSE,NULL,NULL,NULL,TRUE
S:142D+154K+452R+484Q+614G+681R+1071H+1101D,Kappa,FALSE,NULL,NULL,NULL,TRUE
S:63I+64del+65del+66del+67del+68del+69del+70del+71del+72del+73del+74del+75del+76del+246del+247del+248del+249del+250del+251del+252del+253N+452Q+471Q+490S+614G+859N,Lambda,FALSE,NULL,NULL,NULL,TRUE
S:190K+614G+1124D,NULL,FALSE,NULL,NULL,NULL,TRUE
S:215G+241F+242del+243del+244del+245del+246del+247del+248del+501T+614G+653V+1105A,NULL,FALSE,NULL,NULL,NULL,TRUE
S:144del+460K+614G+1105A,NULL,FALSE,NULL,NULL,NULL,TRUE
S:141del+142del+143del+144del+272S+614G+1105A,NULL,FALSE,NULL,NULL,NULL,TRUE
S:460K+614G,NULL,FALSE,NULL,NULL,NULL,TRUE
S:215G+241F+242del+243del+244del+245del+246del+247del+248del+501T+614G+653V,NULL,FALSE,NULL,NULL,NULL,TRUE
S:146del+614G,NULL,FALSE,NULL,NULL,NULL,TRUE
Omicron_P2,Omicron/BA.1.1,FALSE,NULL,NULL,NULL,TRUE
hCoV-19/Germany/HE-FFM-30286807/2021,Omicron/BA.1,FALSE,6959871,NULL,NULL,TRUE
B.1.1.529 Spike,Omicron/BA.1,FALSE,NULL,NULL,NULL,TRUE
BA.1 Spike,Omicron/BA.1,FALSE,NULL,NULL,NULL,TRUE
BA.1 RBD,Omicron/BA.1,FALSE,NULL,NULL,NULL,TRUE
BA.1.1 Spike,Omicron/BA.1.1,FALSE,NULL,NULL,NULL,TRUE
BA.1.1 Spike:-214EPE,Omicron/BA.1.1,FALSE,NULL,NULL,NULL,TRUE
BA.1 Spike:-496S,Omicron/BA.1,FALSE,NULL,NULL,NULL,TRUE
BA.1 Spike:493K,Omicron/BA.1,FALSE,NULL,NULL,NULL,TRUE
BA.1 Spike:+P337R,Omicron/BA.1/P337R,FALSE,NULL,NULL,NULL,TRUE
BA.1 Spike:+P337S,Omicron/BA.1/P337S,FALSE,NULL,NULL,NULL,TRUE
BA.1 Spike:+E340A,Omicron/BA.1/E340A,FALSE,NULL,NULL,NULL,TRUE
BA.1 Spike:+E340D,Omicron/BA.1/E340D,FALSE,NULL,NULL,NULL,TRUE
BA.1 Spike:+E340K,Omicron/BA.1/E340K,FALSE,NULL,NULL,NULL,TRUE
BA.1 Spike:+E340V,Omicron/BA.1/E340V,FALSE,NULL,NULL,NULL,TRUE
BA.1 Spike:+376A+405N+408S+452R-446S+486V-493R-496S-547K-856K-981F,Omicron/BA.1,FALSE,NULL,NULL,NULL,TRUE
BA.1 Spike:+K356T,Omicron/BA.1/K356T,FALSE,NULL,NULL,NULL,TRUE
BA.1 Spike:+R493Q,Omicron/BA.1/R493Q,FALSE,NULL,NULL,NULL,TRUE
S:67V+69del+70del+95I+142D+143del+144del+145del+211I+212del+214EPEins+339D+371L+373P+375F+417N+440K+446S+477N+478K+484A+493R+496S+498R+501Y+505H+547K+614G+655Y+679K+681H+764K+796Y+856K+954H+969K+981F,Omicron/BA.1,FALSE,NULL,NULL,NULL,TRUE
BA.1 Spike:Q493K,Omicron/BA.1,FALSE,NULL,NULL,NULL,TRUE
BA.1 Spike:-371L-373P-375F,Omicron/BA.1/-371L/-373P/-375F,FALSE,NULL,NULL,NULL,TRUE
BA.1 Spike:-339D-371L-373P-375F,Omicron/BA.1/-339D/-371L/-373P/-375F,FALSE,NULL,NULL,NULL,TRUE
BA.1 Spike:-339D-373P-375F-417N-440K,Omicron/BA.1/-339D/-373P/-375F/-417N/-440K,FALSE,NULL,NULL,NULL,TRUE
S:67V+69del+70del+95I+142D+143del+144del+145del+211I+212del+214EPEins+417N+496S+498R+501Y+547K+614G+655Y+679K+681H+764K+796Y+856K+954H+969K+981F,Omicron/BA.1,FALSE,NULL,NULL,NULL,TRUE
S:67V+69del+70del+95I+142D+143del+144del+145del+211I+212del+214EPEins+440K+446S+496S+498R+547K+614G+655Y+679K+681H+764K+796Y+856K+954H+969K+981F,Omicron/BA.1,FALSE,NULL,NULL,NULL,TRUE
S:67V+69del+70del+95I+142D+143del+144del+145del+211I+212del+214EPEins+339D+371L+373P+375F+417N+440K+446S+477N+478K+484A+493R+496S+498R+501Y+505H+547K+614G+655Y+679K+681H+701V+764K+796Y+856K+954H+969K+981F,Omicron/BA.1,FALSE,NULL,NULL,NULL,TRUE
S:67V+69del+70del+95I+142D+143del+144del+145del+211l+212del+214EPEins+339D+371L+373P+375F+417N+440K+446S+477N+484A+493R+496S+498R+501Y+505H+547K+614G+655Y+679K+681H+764K+796Y+856K+954H+969K+981F,Omicron/BA.1,FALSE,NULL,NULL,NULL,TRUE
hCoV-19/Austria/MUIV-0002/2021,Beta,FALSE,1123262,NULL,NULL,TRUE
hCoV-19/Austria/MUIV-0140/2021,Alpha,FALSE,3277382,NULL,NULL,TRUE
hCoV-19/Austria/MUIV-0231/2021,Omicron/BA.1,FALSE,6902053,NULL,NULL,TRUE
B.1.1.529 full genome,Omicron/BA.1,FALSE,NULL,NULL,NULL,TRUE
hCoV-19/Israel/SMC-7023409/2021,Omicron/BA.1,FALSE,6825365,NULL,NULL,TRUE
hCoV-19/Belgium/rega-20174/2021,Omicron/BA.1,FALSE,6794907,NULL,NULL,TRUE
hCoV-19/Australia/NSW2715/2020,A.2.2,FALSE,678338,NULL,NULL,TRUE
hCoV-19/Australia/NSW4463/2021,Beta,FALSE,1615591,NULL,NULL,TRUE
hCoV-19/Australia/NSW4605/2021,Delta,FALSE,1911187,NULL,NULL,TRUE
hCoV-19/Australia/NSW-RPAH-1933/2021,Omicron/BA.1,FALSE,6814922,NULL,NULL,TRUE
S:67V,NULL,TRUE,NULL,NULL,NULL,TRUE
S:143del+144del+145del,NULL,TRUE,NULL,NULL,NULL,TRUE
S:211del,NULL,TRUE,NULL,NULL,NULL,TRUE
S:212I,NULL,TRUE,NULL,NULL,NULL,TRUE
S:214insEPE,NULL,TRUE,NULL,NULL,NULL,TRUE
S:371L+373P+375F,NULL,TRUE,NULL,NULL,NULL,TRUE
S:371F+373P+375F,NULL,TRUE,NULL,NULL,NULL,TRUE
S:493R+496S+498R,NULL,TRUE,NULL,NULL,NULL,TRUE
S:371L,NULL,TRUE,NULL,NULL,NULL,TRUE
S:371F,NULL,TRUE,NULL,NULL,NULL,TRUE
S:373P,NULL,TRUE,NULL,NULL,NULL,TRUE
S:375F,NULL,TRUE,NULL,NULL,NULL,TRUE
S:376A,NULL,TRUE,NULL,NULL,NULL,TRUE
S:496S,NULL,TRUE,NULL,NULL,NULL,TRUE
S:496R,NULL,TRUE,NULL,NULL,NULL,TRUE
S:498R,NULL,TRUE,NULL,NULL,NULL,TRUE
S:505H,NULL,TRUE,NULL,NULL,NULL,TRUE
S:547K,NULL,TRUE,NULL,NULL,NULL,TRUE
S:679K,NULL,TRUE,NULL,NULL,NULL,TRUE
S:764K,NULL,TRUE,NULL,NULL,NULL,TRUE
S:769Y,NULL,TRUE,NULL,NULL,NULL,TRUE
S:856K,NULL,TRUE,NULL,NULL,NULL,TRUE
S:954H,NULL,TRUE,NULL,NULL,NULL,TRUE
S:969K,NULL,TRUE,NULL,NULL,NULL,TRUE
S:981F,NULL,TRUE,NULL,NULL,NULL,TRUE
hCoV-19/USA/WI-WSLH-221686/2021,Omicron/BA.1,FALSE,7263803,NULL,NULL,TRUE
hCoV-19/Hong Kong/HKU-001a/2020,A,FALSE,434571,NULL,NULL,TRUE
hCoV-19/Hong Kong/HKU-210604-002/2021,Beta,FALSE,2423556,NULL,NULL,TRUE
hCoV-19/Hong Kong/HKU-210804-001/2021,Delta,FALSE,3221329,NULL,NULL,TRUE
hCoV-19/Hong Kong/HKU-691/2021,Omicron/BA.1,FALSE,7138045,NULL,NULL,TRUE
hCoV-19/Hong Kong/HKU-344/2021,Omicron/BA.1.1,FALSE,7357684,NULL,NULL,TRUE
hCoV-19/Japan/UT-NCGM02/2020,A,FALSE,418809,NULL,NULL,TRUE
SARS-CoV-2/UT-NC002-1T/Human/2020/Tokyo,A,FALSE,NULL,NULL,NULL,TRUE
hCoV-19/Russia/MOW-Moscow_PMVL-O16/2021,Omicron/BA.1,FALSE,7263933,NULL,NULL,TRUE
hCoV-19/USA/GA-EHC-2811C/2021,Omicron/BA.1,FALSE,7171744,NULL,NULL,TRUE
B.1.2 full genome,B.1.2,FALSE,NULL,NULL,NULL,TRUE
hCoV-19/Japan/TKYTK1734/2021,Delta,FALSE,2378732,NULL,NULL,TRUE
hCoV-19/Japan/TKYTK1734/2021+3CLpro:A191T,Delta,FALSE,NULL,NULL,NULL,TRUE
hCoV-19/Japan/TKYTK1734/2021+3CLpro:A191V,Delta,FALSE,NULL,NULL,NULL,TRUE
hCoV-19/Japan/TKYTK1734/2021+3CLpro:T304I,Delta,FALSE,NULL,NULL,NULL,TRUE
hCoV-19/Japan/TY38-873P0/2021,Omicron/BA.1,FALSE,7418017,NULL,NULL,TRUE
hCoV-19/France/PAC-1514/2021,Omicron/BA.1,FALSE,7899754,NULL,NULL,TRUE
hCoV-19/USA/NY-MSHSPSP-PV44488/2021,Omicron/BA.1,FALSE,7908059,NULL,NULL,TRUE
hCoV-19/Italy/LAZ-INMI-2890/2021,Omicron/BA.1,FALSE,7716384,NULL,NULL,TRUE
hCoV-19/Switzerland/GE-SNRCI-29943121/2020,B.1,FALSE,414019,NULL,NULL,TRUE
hCoV-19/Switzerland/un-2012212272/2020,Alpha,FALSE,2131446,NULL,NULL,TRUE
hCoV-19/Switzerland/GE-33128281/2021,Beta,FALSE,981782,NULL,NULL,TRUE
hCoV-19/Switzerland/GE-33115015/2021,Gamma,FALSE,981707,NULL,NULL,TRUE
hCoV-19/Switzerland/GE-33896105/2021,Delta,FALSE,1811202,NULL,NULL,TRUE
hCoV-19/Switzerland/GE-32966260/2021,Zeta,FALSE,897700,NULL,NULL,TRUE
hCoV-19/Switzerland/VD-HUG-36221084/2021,Omicron/BA.1,FALSE,7605546,NULL,NULL,TRUE
hCoV-19/France/PAC-IHUMI-717/2020,B.1.1,FALSE,8033347,NULL,NULL,TRUE
hCoV-19/France/PAC-IHU-3076i/2021,Alpha,FALSE,982232,NULL,NULL,TRUE
hCoV-19/France/PAC-IHUMI-3147/2021,Beta,FALSE,8033349,NULL,NULL,TRUE
hCoV-19/France/PAC-IHUMI-3630/2021,Delta,FALSE,8033350,NULL,NULL,TRUE
hCoV-19/France/PAC-IHUMI-5002/2021,Delta,FALSE,8033351,NULL,NULL,TRUE
hCoV-19/France/PAC-IHUMI-3795/2021,Iota,FALSE,8033481,NULL,NULL,TRUE
hCoV-19/France/PAC-IHUMI-4219/2021,Epsilon,FALSE,8033611,NULL,NULL,TRUE
hCoV-19/France/PAC-IHUMI-3964/2021,Mu,FALSE,8033762,NULL,NULL,TRUE
hCoV-19/France/PAC-IHUMI-5227/2021,Omicron/BA.1,FALSE,8033859,NULL,NULL,TRUE
hCoV-19/Finland/THL-202126660/2021,Omicron/BA.1,FALSE,8768822,NULL,NULL,TRUE
SARS-CoV-2/UT-HP127-1Nf/Human/2021/Tokyo,Alpha,FALSE,NULL,NULL,NULL,TRUE
hCoV-19/Japan/NC928-2N/2021,Omicron/BA.1,FALSE,7507055,NULL,NULL,TRUE
hCoV-19/Japan/NC928-2N/2021+3CLpro:A191V,Omicron/BA.1,FALSE,NULL,NULL,NULL,TRUE
BA.2 Spike,Omicron/BA.2,FALSE,NULL,NULL,NULL,TRUE
BA.2 Spike:Y508H,Omicron/BA.2,FALSE,NULL,NULL,NULL,TRUE
BA.2 Spike:F456L,Omicron/BA.2/F456L,FALSE,NULL,NULL,NULL,TRUE
BA.2 Spike:A262S+P337S+Y508H,Omicron/BA.2,FALSE,NULL,NULL,NULL,TRUE
S:214ins+414K+450K+614G+716I,B.1.214.2,FALSE,NULL,NULL,NULL,TRUE
S:12F+69del+70del+152R+346S+452R+614G+677H+899S,C.36.3,FALSE,NULL,NULL,NULL,TRUE
S:9L+136del+137del+138del+139del+140del+141del+142del+143del+144del+215G+245P+484K+614G+679K+780K,AT.1,FALSE,NULL,NULL,NULL,TRUE
S:95I+144del+484K+614G+681H+796H,B.1.1.318,FALSE,NULL,NULL,NULL,TRUE
S:26S+69del+70del+126A+144del+242del+243del+244del+477N+484K+614G+681H+1027I+1118H,B.1.620,FALSE,NULL,NULL,NULL,TRUE
S:95I+144T+144ins+145N+346K+484K+501Y+614G+681H+950N,Mu,FALSE,NULL,NULL,NULL,TRUE
S:19R+95I+143ins+144S+145N+346K+484K+501Y+614G+681H+950N,Mu,FALSE,NULL,NULL,NULL,TRUE
S:141del+142del+143del+243del+244del+265C+484K+501Y+614G+681H+1092K+1101Y+1176F,Theta,FALSE,NULL,NULL,NULL,TRUE
S:9L+136F+190S+215G+242del+243del+244del+449H+478K+484K+501Y+614G+655Y+679K+716I,C.1.2,FALSE,NULL,NULL,NULL,TRUE
S:95I+144T+144ins+145N+246K+417N+484K+501Y+614G+681H+950N,Mu/K417N,FALSE,NULL,NULL,NULL,TRUE
S:19R+142D+145H+156del+157del+158G+222V+452R+478K+614G+681R+950N,Delta,FALSE,NULL,NULL,NULL,TRUE
S:19R+142D+156del+157del+158G+222V+452R+478K+614G+681R+950N,Delta,FALSE,NULL,NULL,NULL,TRUE
S:5F+14del+15del+16del+17del+18del+64R+95I+136Y+137del+141del+142del+143del+144del+152R+210del+384L+440K+453F+460K+475V+484K+614G+621S+655Y+681H+859N+936G+1219C,B.1.638,FALSE,NULL,NULL,NULL,TRUE
Basile21_A.2.2,A.2.2,FALSE,NULL,NULL,NULL,TRUE
A.2.2 full genome,A.2.2,FALSE,NULL,NULL,NULL,TRUE
Basile21_Delta,Delta,FALSE,NULL,NULL,NULL,TRUE
Basile21_Omicron,Omicron/BA.1,FALSE,NULL,NULL,NULL,TRUE
hCoV-19/Wuhan/WIV04/2019,B,FALSE,402124,NULL,NULL,TRUE
hCoV-19/Wuhan/WIV04/2019 3CLpro,B,FALSE,402124,NULL,NULL,TRUE
hCoV-19/South Africa/CERI-KRISP-K032307/2021,Omicron/BA.2,FALSE,6795834,NULL,NULL,TRUE
Omicron/BA.1 full genome,Omicron/BA.1,FALSE,NULL,NULL,NULL,TRUE
Omicron/BA.1 3CLpro,NULL,FALSE,NULL,NULL,NULL,TRUE
BA.2 Spike:+371L+493K,Omicron/BA.2,FALSE,NULL,NULL,NULL,TRUE
BA.2.11 Spike,Omicron/BA.2.11,FALSE,NULL,NULL,NULL,TRUE
BA.2 Spike:S704L,Omicron/BA.2/S704L,FALSE,NULL,NULL,NULL,TRUE
BA.2 Spike:L452Q,Omicron/BA.2/L452Q,FALSE,NULL,NULL,NULL,TRUE
BA.2 Spike:69del+70del,Omicron/BA.2,FALSE,NULL,NULL,NULL,TRUE
BA.2 Spike:F486V,Omicron/BA.2/F486V,FALSE,NULL,NULL,NULL,TRUE
BA.2 Spike:F486V+R493Q,Omicron/BA.2/F486V+R493Q,FALSE,NULL,NULL,NULL,TRUE
BA.2 Spike:R493Q,Omicron/BA.2/R493Q,FALSE,NULL,NULL,NULL,TRUE
BA.2.12.1 Spike,Omicron/BA.2.12.1,FALSE,NULL,NULL,NULL,TRUE
Omicron/BA.2.12.1 full genome,Omicron/BA.2.12.1,FALSE,NULL,NULL,NULL,TRUE
BA.4/5 Spike,Omicron/BA.5,FALSE,NULL,NULL,NULL,TRUE
BA.4/5 Spike:G446S,Omicron/BA.5/G446S,FALSE,NULL,NULL,NULL,TRUE
BA.4/5 Spike:F456L,Omicron/BA.5/F456L,FALSE,NULL,NULL,NULL,TRUE
hCoV-19/England/MILK-2D6B000/2021,Omicron/BA.2,FALSE,7580387,NULL,NULL,TRUE
hCoV-19/Japan/QH-329-037/2020,B.1,FALSE,529135,NULL,NULL,TRUE
hCoV-19/Japan/TY8-612-P1/2021,Beta,FALSE,1123289,NULL,NULL,TRUE
hCoV-19/Japan/TY11-927-P1/2021,Delta,FALSE,2158617,NULL,NULL,TRUE
hCoV-19/Japan/TY38-871P0/2021,Omicron/BA.1.1,FALSE,7571618,NULL,NULL,TRUE
hCoV-19/Japan/TY4-920-P0/2020,B.1.1,FALSE,2931303,NULL,NULL,TRUE
S:29I+572I+614G+677H+936N,NULL,FALSE,NULL,NULL,NULL,TRUE
hCoV-19/Ecuador/USFQ-1717/2021,Mu,FALSE,3133387,NULL,NULL,TRUE
hCoV-19/Ecuador/USFQ-1839/2021,Mu,FALSE,3260697,NULL,NULL,TRUE
hCoV-19/Ecuador/USFQ-1962/2021,Mu,FALSE,3506202,NULL,NULL,TRUE
hCoV-19/Ecuador/USFQ-2055/2021,Mu,FALSE,4256769,NULL,NULL,TRUE
S:990A,NULL,FALSE,NULL,NULL,NULL,TRUE
S:1009I,NULL,FALSE,NULL,NULL,NULL,TRUE
hCoV-19/South Africa/CERI-KRISP-K032623/2021,Omicron/BA.1.1,FALSE,7358094,NULL,NULL,TRUE
hCoV-19/USA/MA-JLL-D152/2020 Spike:+Y489H,B.1.486/Y489H,FALSE,NULL,NULL,NULL,TRUE
hCoV-19/USA/MA-JLL-D146/2020 Spike:+K417N+E484K+Y489H-N440D,B.1.486/K417N/E484K/Y489H,FALSE,NULL,NULL,NULL,TRUE
hCoV-19/USA/MA-JLL-D146/2020 Spike:+E484K+Y489H-N440D,B.1.486/E484K/Y489H,FALSE,NULL,NULL,NULL,TRUE
hCoV-19/USA/MA-JLL-D146/2020 Spike:+Y489H,B.1.486/Y489H,FALSE,NULL,NULL,NULL,TRUE
hCoV-19/South Africa/Tygerberg-461/2020 Spike:+N439K+L452R,Beta/N429K/L452R,FALSE,745186,NULL,NULL,TRUE
hCoV-19/USA/MD-MDH-0841/2021,Gamma,FALSE,1015571,NULL,NULL,TRUE
hCoV-19/USA/CA-SEARCH-5574/2020,Alpha,FALSE,751801,NULL,NULL,TRUE
hCoV-19/Japan/UT-NCD1288-2N/2022,Omicron/BA.2,FALSE,9595604,NULL,NULL,TRUE
Pang17 Spike,pCoV-GX,FALSE,NULL,QIA48632,NULL,FALSE
Omicron/BA.2 full genome,Omicron/BA.2,FALSE,NULL,NULL,NULL,TRUE
Omicron/BA.1.1 full genome,Omicron/BA.1.1,FALSE,NULL,NULL,NULL,TRUE
hCoV-19/Belgium/1WLU10/2022,Omicron/BA.2,FALSE,10654979,NULL,NULL,TRUE
S:19R+156del+157del+158G+444T+452R+478K+614G+681R+950N,Delta/K444T,FALSE,NULL,NULL,NULL,TRUE
S:19R+156del+157del+158G+452R+476D+478K+614G+681R+950N,Delta/K476D,FALSE,NULL,NULL,NULL,TRUE
S:19R+156del+157del+158G+452R+478K+486S+614G+681R+950N,Delta/K486S,FALSE,NULL,NULL,NULL,TRUE
S:19R+156del+157del+158G+452R+478K+487K+614G+681R+950N,Delta/K487K,FALSE,NULL,NULL,NULL,TRUE
S:19R+156del+157del+158G+452R+478K+487D+614G+681R+950N,Delta/K487D,FALSE,NULL,NULL,NULL,TRUE
hCoV-19/USA/HI-CDC-4359259-001/2021,Omicron/BA.1.1,FALSE,8690072,NULL,NULL,TRUE
S:18F+80A+215G+241del+242del+243del+417N+484K+501Y+614G+701V+1195Q,Beta,FALSE,NULL,NULL,NULL,TRUE
B.1.36.27 full genome,B.1.36.27,FALSE,NULL,NULL,NULL,TRUE
hCoV-19/Hong Kong/VM20001061-2/2020,A,FALSE,412028,NULL,NULL,TRUE
hCoV-19/Hong Kong/VM21044713_WHP5047-S5/2021,Omicron/BA.1,FALSE,6716902,NULL,NULL,TRUE
hCoV-19/Hong Kong/21TM280310_HKUVOC0013/2021,Delta,FALSE,8647613,NULL,NULL,TRUE
hCoV-19/France/HDF-SOUCHE02VIRO-LILLE/2021,Alpha,FALSE,1653931,NULL,NULL,TRUE
A.2.5 Spike,A.2.5,FALSE,NULL,NULL,NULL,TRUE
hCoV-19/Colombia/ATL-INS-VG-217/2021,B.1,FALSE,1092007,NULL,NULL,TRUE
hCoV-19/Colombia/CUN-INS-T8/2020,A.1,FALSE,498169,NULL,NULL,TRUE
hCoV-19/Colombia/DC-INS-027/2020,B.1.420,FALSE,526969,NULL,NULL,TRUE
hCoV-19/Colombia/DC-INS-197/2020,B.1.111,FALSE,526971,NULL,NULL,TRUE
hCoV-19/Colombia/DC-INS-VG-68/2020,B.1.111,FALSE,794659,NULL,NULL,TRUE
hCoV-19/Colombia/DC-INS-H-5863/2021,Gamma,FALSE,2500971,NULL,NULL,TRUE
hCoV-19/Colombia/ATL-INS-VG-1955/2021,Mu,FALSE,1821065,NULL,NULL,TRUE
Banerjee22 Beta full genome,Beta,FALSE,NULL,NULL,NULL,TRUE
Banerjee22 Delta full genome,Delta,FALSE,NULL,NULL,NULL,TRUE
Banerjee22 Omicron full genome,Omicron/BA.1,FALSE,NULL,NULL,NULL,TRUE
hCoV-19/Canada/ON_ON-VIDO-01-2/2020,B,FALSE,425177,NULL,NULL,TRUE
hCoV-19/Hong Kong/HKU-220213-322/2021,Omicron/BA.2,FALSE,9845731,NULL,NULL,TRUE
BA.3 Spike,Omicron/BA.3,FALSE,7605591,NULL,NULL,TRUE
BA.3 Spike:-69del-70del-95I-142D,Omicron/BA.3,FALSE,NULL,NULL,NULL,TRUE
SARS-CoV-2/human/DNK/7021443445/2021,B,FALSE,NULL,ON055855.1,NULL,TRUE
SARS-CoV-2/human/DNK/7021640106/2021,Omicron/BA.1,FALSE,NULL,ON055874.1,NULL,TRUE
SARS-CoV-2/human/DNK/7022055836/2022,Omicron/BA.2,FALSE,NULL,ON055857.1,NULL,TRUE
S:67V+69del+70del,NULL,TRUE,NULL,NULL,NULL,TRUE
S:142D+143del+144del+145del,NULL,TRUE,NULL,NULL,NULL,TRUE
S:211del+212I+214ins,NULL,TRUE,NULL,NULL,NULL,TRUE
hCoV-19/Japan/TY11-330-P1/2021,Kappa,FALSE,2158613,NULL,NULL,TRUE
BA.2 Spike:446S,Omicron/BA.2/G446S,FALSE,7580387,NULL,NULL,TRUE
SARS-CoV-2/human/IND/THSTI-BL2010D/2020,B,FALSE,NULL,MW422884.1,NULL,TRUE
SARS-CoV-2/human/IND/THSTI_UK_18022021_CSIR-IGIB/2021,Alpha,FALSE,NULL,MW881790.1,NULL,TRUE
SARS-CoV-2/human/IND/THSTI_287/2021,Delta,FALSE,NULL,MZ356566.1,NULL,TRUE
hCoV-19/Japan/NC929-1N/2021,Omicron/BA.2,FALSE,7890636,NULL,NULL,TRUE
hCoV-19/Japan/NC929-1N/2021+3CLpro:A191V,Omicron/BA.2,FALSE,NULL,NULL,NULL,TRUE
C.37 Spike:253del,Lambda,FALSE,NULL,NULL,NULL,TRUE
SARS-CoV-2/human/USA/Yale-14797/2021,Omicron/BA.1,FALSE,NULL,OL965559,NULL,TRUE
B.1.526 full genome,Iota,FALSE,NULL,NULL,NULL,TRUE
hCoV-19/Germany/BY-MVP-000006057/2021,B.1,FALSE,2450298,NULL,NULL,TRUE
hCoV-19/Germany/BY-MVP-000004355/2021,Alpha,FALSE,2095258,NULL,NULL,TRUE
hCoV-19/Germany/BY-MVP-000003897/2021,Beta,FALSE,1752394,NULL,NULL,TRUE
hCoV-19/Germany/BY-MVP-000005869/2021,Gamma,FALSE,2095178,NULL,NULL,TRUE
hCoV-19/Germany/BY-MVP-000006230/2021,Delta,FALSE,2772700,NULL,NULL,TRUE
hCoV-19/Germany/BY-MVP-000010417/2021,Omicron/BA.1,FALSE,7808190,NULL,NULL,TRUE
B.1.493 full genome,B.1.493,FALSE,NULL,NULL,NULL,TRUE
B.1.568 full genome,B.1.568,FALSE,NULL,NULL,NULL,TRUE
S:49Y+95I+142D+143del+144del+145del+486L+501T+614G,Pickering22_4581/4645,FALSE,NULL,NULL,NULL,TRUE
S:22I+49Y+95I+142D+143del+144del+145del+247G+486L+501T+614G,Pickering22_4658,FALSE,NULL,NULL,NULL,TRUE
S:49Y+95I+142D+143del+144del+145del+486L+501T+613H+614G,Pickering22_ON_PHL_21_44225,FALSE,NULL,NULL,NULL,TRUE
C.1.2 Spike,C.1.2,FALSE,NULL,NULL,NULL,TRUE
C.1.2 Spike:-T716I,C.1.2,FALSE,NULL,NULL,NULL,TRUE
BA.2.75 Spike,Omicron/BA.2.75,FALSE,NULL,NULL,NULL,TRUE
BA.2.75 full genome,Omicron/BA.2.75,FALSE,NULL,NULL,NULL,TRUE
hCoV-19/South Africa/NICD-N8834/2021,C.1.2,FALSE,3342731,NULL,NULL,TRUE
C.1.2 Spike:-144del-243del-244del-859N,C.1.2,FALSE,NULL,NULL,NULL,TRUE
hCoV-19/South Africa/KRISP-K020378/2021,C.1.2,FALSE,3261970,NULL,NULL,TRUE
C.1.2 Spike:25L+152R+478K+879T,C.1.2,FALSE,NULL,NULL,NULL,TRUE
B.1.526.1 Spike,Iota/L452R,FALSE,NULL,NULL,NULL,TRUE
GD-Pangolin Spike,pCoV-GD,FALSE,NULL,MT799524,NULL,TRUE
GX-Pangolin Spike,pCoV-GX,FALSE,NULL,MT040333,NULL,TRUE
SHC014 Spike,SHC014,FALSE,NULL,KC881005,NULL,TRUE
LYRa11 Spike,LYRa11,FALSE,NULL,KF569996,NULL,TRUE
Rs7327 Spike,Rs7327,FALSE,NULL,KY417151,NULL,TRUE
Rs4231 Spike,Rs4231,FALSE,NULL,KY417146,NULL,TRUE
Rs4084 Spike,Rs4084,FALSE,NULL,KY417144,NULL,TRUE
BA.2.38 Spike,Omicron/BA.2.38,FALSE,NULL,NULL,NULL,TRUE
B.1.640.2 Spike,B.1.640.2,FALSE,7314471,NULL,NULL,TRUE
hCoV-19/South Africa/CERI-KRISP-K040015/2022,Omicron/BA.4,FALSE,12268495,NULL,NULL,TRUE
hCoV-19/South Africa/CERI-KRISP-K040013/2022,Omicron/BA.5,FALSE,12268493,NULL,NULL,TRUE
hCoV-19/South Africa/CERI-KRISP-K032888/2021,Omicron/BA.1,FALSE,7886688,NULL,NULL,TRUE
BA.2 Spike:K147E,Omicron/BA.2/K147E,FALSE,NULL,NULL,NULL,TRUE
BA.2 Spike:W152R,Omicron/BA.2/W152R,FALSE,NULL,NULL,NULL,TRUE
BA.2 Spike:F157L,Omicron/BA.2/F157L,FALSE,NULL,NULL,NULL,TRUE
BA.2 Spike:I210V,Omicron/BA.2/I210V,FALSE,NULL,NULL,NULL,TRUE
BA.2 Spike:G257S,Omicron/BA.2/G257S,FALSE,NULL,NULL,NULL,TRUE
BA.2 Spike:D339H,Omicron/BA.2/D339H,FALSE,NULL,NULL,NULL,TRUE
BA.2 Spike:N460K,Omicron/BA.2/N460K,FALSE,NULL,NULL,NULL,TRUE
S:K147E+614G,NULL,FALSE,NULL,NULL,NULL,TRUE
S:W152R+614G,NULL,FALSE,NULL,NULL,NULL,TRUE
S:F157L+614G,NULL,FALSE,NULL,NULL,NULL,TRUE
S:I210V+614G,NULL,FALSE,NULL,NULL,NULL,TRUE
S:G257S+614G,NULL,FALSE,NULL,NULL,NULL,TRUE
S:G339H+614G,NULL,FALSE,NULL,NULL,NULL,TRUE
S:G446S+614G,NULL,FALSE,NULL,NULL,NULL,TRUE
SARS-CoV-2/human/BEL/rega-20174/2021,Omicron/BA.1,FALSE,NULL,OL672836,NULL,TRUE
B.1.617.2 full genome:142D+682Q,Delta,FALSE,NULL,NULL,NULL,TRUE
Omicron/BA.2 full genome:-142D-440K+683W,Omicron/BA.2,FALSE,NULL,NULL,NULL,TRUE
Omicron/BA.4 full genome,Omicron/BA.4,FALSE,NULL,NULL,NULL,TRUE
Omicron/BA.4 full genome:3G-658S,Omicron/BA.4,FALSE,NULL,NULL,NULL,TRUE
BA.2.3.1 Spike,Omicron/BA.2,FALSE,NULL,NULL,NULL,TRUE
BA.2.10.1 Spike,Omicron/BA.2,FALSE,NULL,NULL,NULL,TRUE
BA.2.10.4 Spike,Omicron/BA.2.10.4,FALSE,NULL,NULL,NULL,TRUE
BA.2.75.2 Spike,Omicron/BA.2.75.2,FALSE,NULL,NULL,NULL,TRUE
BA.2.75.2 Spike:1199D,Omicron/BA.2.75.2/-D1199N,FALSE,NULL,NULL,NULL,TRUE
Omicron/BA.2.75.2 full genome,Omicron/BA.2.75.2,FALSE,NULL,NULL,NULL,TRUE
B.1.620 Spike,B.1.620,FALSE,NULL,NULL,NULL,TRUE
B.1.620 Spike:+845I,B.1.620,FALSE,NULL,NULL,NULL,TRUE
S:19R+452R+478K+614G+681R+950N,NULL,FALSE,NULL,NULL,NULL,TRUE
S:19del,NULL,TRUE,NULL,NULL,NULL,TRUE
BA.2.75 Spike:E147K,Omicron/BA.2.75,FALSE,NULL,NULL,NULL,TRUE
BA.2.75 Spike:R152W,Omicron/BA.2.75,FALSE,NULL,NULL,NULL,TRUE
BA.2.75 Spike:L157F,Omicron/BA.2.75,FALSE,NULL,NULL,NULL,TRUE
BA.2.75 Spike:V210I,Omicron/BA.2.75,FALSE,NULL,NULL,NULL,TRUE
BA.2.75 Spike:S257G,Omicron/BA.2.75,FALSE,NULL,NULL,NULL,TRUE
BA.2.75 Spike:H339D,Omicron/BA.2.75/H339D,FALSE,NULL,NULL,NULL,TRUE
BA.2.75 Spike:S446G,Omicron/BA.2.75/S446G,FALSE,NULL,NULL,NULL,TRUE
BA.2.75 Spike:K460N,Omicron/BA.2.75 w/o N460K,FALSE,NULL,NULL,NULL,TRUE
BA.2.75 Spike:Q493R,Omicron/BA.2.75/Q493R,FALSE,NULL,NULL,NULL,TRUE
Omicron/BA.5 full genome,Omicron/BA.5,FALSE,NULL,NULL,NULL,TRUE
BA.2 Spike:K147E+W152R+F157L,Omicron/BA.2/K147E+W152R+F157L,FALSE,NULL,NULL,NULL,TRUE
BA.4.6 Spike,Omicron/BA.4.6,FALSE,NULL,NULL,NULL,TRUE
BA.4.6 Spike:G446S,Omicron/BA.4.6/G446S,FALSE,NULL,NULL,NULL,TRUE
BA.4.6 full genome,Omicron/BA.4.6,FALSE,NULL,NULL,NULL,TRUE
BA.4.7 Spike,Omicron/BA.4.7,FALSE,NULL,NULL,NULL,TRUE
BA.5.9 Spike,Omicron/BA.5.9,FALSE,NULL,NULL,NULL,TRUE
BA.4/5 Spike:R346S,Omicron/BA.5/R346S,FALSE,NULL,NULL,NULL,TRUE
BA.4/5 Spike:N658S,Omicron/BA.5/N658S,FALSE,NULL,NULL,NULL,TRUE
BA.2.3.20 Spike,Omicron/BA.2.3.20,FALSE,NULL,NULL,NULL,TRUE
BJ.1 Spike,Omicron/BJ.1,FALSE,NULL,NULL,NULL,TRUE
XBB Spike,Omicron/XBB,FALSE,NULL,NULL,NULL,TRUE
XBB Spike:486P,Omicron/XBB/F486P,FALSE,NULL,NULL,NULL,TRUE
BL.1 Spike,Omicron/BL.1,FALSE,NULL,NULL,NULL,TRUE
Omicron/BL.1 full genome,Omicron/BL.1,FALSE,NULL,NULL,NULL,TRUE
BR.1 Spike,Omicron/BR.1,FALSE,NULL,NULL,NULL,TRUE
BN.2.1 Spike,Omicron/BN.2.1,FALSE,NULL,NULL,NULL,TRUE
BN.1 Spike,Omicron/BN.1,FALSE,NULL,NULL,NULL,TRUE
BM.1.1 Spike,Omicron/BM.1.1,FALSE,NULL,NULL,NULL,TRUE
BM.1.1.1 Spike,Omicron/BM.1.1.1,FALSE,NULL,NULL,NULL,TRUE
Omicron/BM.1.1.1 full genome,Omicron/BM.1.1.1,FALSE,NULL,NULL,NULL,TRUE
BR.2 Spike,Omicron/BR.2,FALSE,NULL,NULL,NULL,TRUE
CA.1 Spike,Omicron/CA.1,FALSE,NULL,NULL,NULL,TRUE
CA.3.1 Spike,Omicron/CA.3.1,FALSE,NULL,NULL,NULL,TRUE
BA.4.6.1 Spike,Omicron/BA.4.6.1,FALSE,NULL,NULL,NULL,TRUE
BA.5.6.2 Spike,Omicron/BA.5.6.2,FALSE,NULL,NULL,NULL,TRUE
BQ.1 Spike,Omicron/BQ.1,FALSE,NULL,NULL,NULL,TRUE
BU.1 Spike,Omicron/BU.1,FALSE,NULL,NULL,NULL,TRUE
BQ.1.1 Spike,Omicron/BQ.1.1,FALSE,NULL,NULL,NULL,TRUE
Omicron/BQ.1.1 full genome,Omicron/BQ.1.1,FALSE,NULL,NULL,NULL,TRUE
BA.2.75 Spike:L452R,Omicron/BA.2.75/L452R,FALSE,NULL,NULL,NULL,TRUE
BA.2.75 Spike:K444M+L452R,Omicron/BA.2.75/K444M+L452R,FALSE,NULL,NULL,NULL,TRUE
BA.2.75 Spike:R346T+K444M+L452R,Omicron/BA.2.75/R346T+K444M+L452R,FALSE,NULL,NULL,NULL,TRUE
BA.2.75 Spike:R346T+K444M+L452R+F486V,Omicron/BA.2.75/R346T+K444M+L452R+F486V,FALSE,NULL,NULL,NULL,TRUE
BA.2.75 Spike:R346T+K356T+K444M+L452R+F486V,Omicron/BA.2.75/R346T+K356T+K444M+L452R+F486V,FALSE,NULL,NULL,NULL,TRUE
BA.2.75 Spike:R346T+K356T+K444T-G446S+L452R+F486V,Omicron/BA.2.75/R346T+K356T+K444T-G446S+L452R+F486V,FALSE,NULL,NULL,NULL,TRUE
BA.2.75 Spike:I210T+R237T+R346T+K444T-G446S+L452R+F486V,Omicron/BA.2.75/R346T+K444T-G446S+L452R+F486V,FALSE,NULL,NULL,NULL,TRUE
BA.2.75 Spike:I210T+R237T+R346T+K417T+K444T-G446S+L452R+F486V,Omicron/BA.2.75/R346T+K417T+K444T-G446S+L452R+F486V,FALSE,NULL,NULL,NULL,TRUE
BA.4/5 Spike:K444N,Omicron/BA.5/K444N,FALSE,NULL,NULL,NULL,TRUE
BA.4/5 Spike:K444T,Omicron/BA.5/K444T,FALSE,NULL,NULL,NULL,TRUE
BA.4/5 Spike:R346T,Omicron/BA.5/R346T,FALSE,NULL,NULL,NULL,TRUE
BA.4/5 Spike:R346T+K444N,Omicron/BA.5/R346T+K444N,FALSE,NULL,NULL,NULL,TRUE
BA.4/5 Spike:R346T+K417T+K444N+N460K,Omicron/BA.5/R346T+K417T+K444N+N460K,FALSE,NULL,NULL,NULL,TRUE
BA.4/5 Spike:R346T+K356T+K417T+K444N+N460K,Omicron/BA.5/R346T+K356T+K417T+K444N+N460K,FALSE,NULL,NULL,NULL,TRUE
BA.4/5 Spike:G339H+R346T+K356T+K417T+K444N+N460K,Omicron/BA.5/G339H+R346T+K356T+K417T+K444N+N460K,FALSE,NULL,NULL,NULL,TRUE
BA.4/5 Spike:G339H+R346T+K356T+K417T+K444T+N460K,Omicron/BA.5/G339H+R346T+K356T+K417T+K444T+N460K,FALSE,NULL,NULL,NULL,TRUE
BA.4/5 Spike:K147E+W152R+G339H+R346T+K356T+K417T+K444T+N460K,Omicron/BA.5/G339H+R346T+K356T+K417T+K444T+N460K,FALSE,NULL,NULL,NULL,TRUE
BA.4/5 Spike:K147E+W152R+I210T+R237T+G339H+R346T+K356T+K417T+K444T+N460K,Omicron/BA.5/G339H+R346T+K356T+K417T+K444T+N460K,FALSE,NULL,NULL,NULL,TRUE
BA.4/5 Spike:N460K,Omicron/BA.5/N460K,FALSE,NULL,NULL,NULL,TRUE
BA.2.38.1 Spike,Omicron/BA.2.38.1,FALSE,NULL,NULL,NULL,TRUE
BA.2.74 Spike,Omicron/BA.2.74,FALSE,NULL,NULL,NULL,TRUE
BA.2.76 Spike,Omicron/BA.2.76,FALSE,NULL,NULL,NULL,TRUE
BA.2.77 Spike,Omicron/BA.2.77,FALSE,NULL,NULL,NULL,TRUE
BA.2.79 Spike,Omicron/BA.2.79,FALSE,NULL,NULL,NULL,TRUE
BA.2.80 Spike,Omicron/BA.2.80,FALSE,NULL,NULL,NULL,TRUE
BA.2.75.4 Spike,Omicron/BA.2.75.4,FALSE,NULL,NULL,NULL,TRUE
BA.2.75.5 Spike,Omicron/BA.2.75.5,FALSE,NULL,NULL,NULL,TRUE
BM.1 Spike,Omicron/BM.1,FALSE,NULL,NULL,NULL,TRUE
BF.16 Spike,Omicron/BF.16,FALSE,NULL,NULL,NULL,TRUE
BA.5.5.1 Spike,Omicron/BA.5.5.1,FALSE,NULL,NULL,NULL,TRUE
BA.5.2.7 Spike,Omicron/BA.5.2.7,FALSE,NULL,NULL,NULL,TRUE
BA.5.1.12 Spike,Omicron/BA.5.1.12,FALSE,NULL,NULL,NULL,TRUE
BA.2.13 Spike,Omicron/BA.2.13,FALSE,NULL,NULL,NULL,TRUE
BA.2.75.6 Spike,Omicron/BA.2.75.6,FALSE,NULL,NULL,NULL,TRUE
hCoV-19/Japan/TY41-716-P1/2022,Omicron/BA.2.75,FALSE,13969765,NULL,NULL,TRUE
hCoV-19/Japan/TY41-716-P2/2022,Omicron/BA.2.75,FALSE,14011362,NULL,NULL,TRUE
England ex-SA/HCM002/2021,Beta,FALSE,NULL,NULL,NULL,TRUE
B.1.1.28 full genome,B.1.1.28,FALSE,NULL,NULL,NULL,TRUE
BA.2 Spike:+337S,Omicron/BA.2/P337S,FALSE,NULL,NULL,NULL,TRUE
BA.2 Spike:+340D,Omicron/BA.2/E340D,FALSE,NULL,NULL,NULL,TRUE
BA.2 Spike:+340K,Omicron/BA.2/E340K,FALSE,NULL,NULL,NULL,TRUE
BA.2 Spike:+340V,Omicron/BA.2/E340V,FALSE,NULL,NULL,NULL,TRUE
S:272S+493R+614G,NULL,FALSE,NULL,NULL,NULL,TRUE
S:484K+494P+614G,NULL,FALSE,NULL,NULL,NULL,TRUE
S:143del+144del+145D+484Q+614G,NULL,FALSE,NULL,NULL,NULL,TRUE
S:139del+140del+141del+142del+143del+144del+145del+484K+614G,NULL,FALSE,NULL,NULL,NULL,TRUE
BF.7 Spike,Omicron/BF.7,FALSE,NULL,NULL,NULL,TRUE
BF.7 Spike:G446S,Omicron/BF.7/G446S,FALSE,NULL,NULL,NULL,TRUE
BA.4/5 Spike:+R346T+K444T,Omicron/BA.5/R346T+K444T,FALSE,NULL,NULL,NULL,TRUE
BA.4/5 Spike:+R346T+N460K,Omicron/BA.5/R346T+N460K,FALSE,NULL,NULL,NULL,TRUE
BA.2.75 Spike:+R346T,Omicron/BA.2.75/R346T,FALSE,NULL,NULL,NULL,TRUE
BA.2.75 Spike:+F486S,Omicron/BF.2.75/F486S,FALSE,NULL,NULL,NULL,TRUE
BA.2.75 Spike:+D1199N,Omicron/BF.2.75/D1199N,FALSE,NULL,NULL,NULL,TRUE
BA.2.75 Spike:+R346T+F486S,Omicron/BF.2.75/R346T+F486S,FALSE,NULL,NULL,NULL,TRUE
BA.2.75 Spike:+R346T+D1199N,Omicron/BF.2.75/R346T+D1199N,FALSE,NULL,NULL,NULL,TRUE
BA.2.75 Spike:+F486S+D1199N,Omicron/BF.2.75/F486S+F486S,FALSE,NULL,NULL,NULL,TRUE
BA.1 Spike:-N440K,Omicron/BA.1/-N440K,FALSE,NULL,NULL,NULL,TRUE
BA.1 Spike:+K444E,Omicron/BA.1/K444E,FALSE,NULL,NULL,NULL,TRUE
BA.1 Spike:+K444D,Omicron/BA.1/K444D,FALSE,NULL,NULL,NULL,TRUE
BA.1 Spike:+K444N,Omicron/BA.1/K444N,FALSE,NULL,NULL,NULL,TRUE
BA.1 Spike:+K444M,Omicron/BA.1/K444M,FALSE,NULL,NULL,NULL,TRUE
BA.1 Spike:+K444T,Omicron/BA.1/K444T,FALSE,NULL,NULL,NULL,TRUE
BA.1 Spike:+K444R,Omicron/BA.1/K444R,FALSE,NULL,NULL,NULL,TRUE
BA.1 Spike:+V445D,Omicron/BA.1/V445D,FALSE,NULL,NULL,NULL,TRUE
BA.1 Spike:+V445T,Omicron/BA.1/V445T,FALSE,NULL,NULL,NULL,TRUE
BA.1 Spike:+V445A,Omicron/BA.1/V445A,FALSE,NULL,NULL,NULL,TRUE
BA.1 Spike:+V445F,Omicron/BA.1/V445F,FALSE,NULL,NULL,NULL,TRUE
BA.1 Spike:-G446S,Omicron/BA.1/-G446S,FALSE,NULL,NULL,NULL,TRUE
BA.1 Spike:+N450D,Omicron/BA.1/N450D,FALSE,NULL,NULL,NULL,TRUE
BA.1 Spike:-Q498R,Omicron/BA.1/-Q498R,FALSE,NULL,NULL,NULL,TRUE
BA.1 Spike:-N501Y,Omicron/BA.1/-N501Y,FALSE,NULL,NULL,NULL,TRUE
BA.2 Spike:+N440Y,Omicron/BA.2/N440Y,FALSE,NULL,NULL,NULL,TRUE
BA.2 Spike:+N440D,Omicron/BA.2/N440D,FALSE,NULL,NULL,NULL,TRUE
BA.2 Spike:-N440K,Omicron/BA.2/-N440K,FALSE,NULL,NULL,NULL,TRUE
BA.2 Spike:+K444E,Omicron/BA.2/K444E,FALSE,NULL,NULL,NULL,TRUE
BA.2 Spike:+K444D,Omicron/BA.2/K444D,FALSE,NULL,NULL,NULL,TRUE
BA.2 Spike:+K444N,Omicron/BA.2/K444N,FALSE,NULL,NULL,NULL,TRUE
BA.2 Spike:+K444M,Omicron/BA.2/K444M,FALSE,NULL,NULL,NULL,TRUE
BA.2 Spike:+K444T,Omicron/BA.2/K444T,FALSE,NULL,NULL,NULL,TRUE
BA.2 Spike:+K444R,Omicron/BA.2/K444R,FALSE,NULL,NULL,NULL,TRUE
BA.2 Spike:+V445D,Omicron/BA.2/V445D,FALSE,NULL,NULL,NULL,TRUE
BA.2 Spike:+V445T,Omicron/BA.2/V445T,FALSE,NULL,NULL,NULL,TRUE
BA.2 Spike:V445P,Omicron/BA.2/V445P,FALSE,NULL,NULL,NULL,TRUE
BA.2 Spike:+V445A,Omicron/BA.2/V445A,FALSE,NULL,NULL,NULL,TRUE
BA.2 Spike:+V445F,Omicron/BA.2/V445F,FALSE,NULL,NULL,NULL,TRUE
BA.2 Spike:+G446V,Omicron/BA.2/G446V,FALSE,NULL,NULL,NULL,TRUE
BA.2 Spike:+G446I,Omicron/BA.2/G446I,FALSE,NULL,NULL,NULL,TRUE
BA.2 Spike:+G447S,Omicron/BA.2/G447S,FALSE,NULL,NULL,NULL,TRUE
BA.2 Spike:+N448K,Omicron/BA.2/N448K,FALSE,NULL,NULL,NULL,TRUE
BA.2 Spike:+Y449N,Omicron/BA.2/Y449N,FALSE,NULL,NULL,NULL,TRUE
BA.2 Spike:+N450D,Omicron/BA.2/N450D,FALSE,NULL,NULL,NULL,TRUE
BA.2 Spike:-Q498R,Omicron/BA.2/-Q498R,FALSE,NULL,NULL,NULL,TRUE
BA.2 Spike:+P499S,Omicron/BA.2/P499S,FALSE,NULL,NULL,NULL,TRUE
BA.2 Spike:+P499H,Omicron/BA.2/P499H,FALSE,NULL,NULL,NULL,TRUE
BA.2 Spike:+N501T,Omicron/BA.2/N501T,FALSE,NULL,NULL,NULL,TRUE
BA.2 Spike:+V503I,Omicron/BA.2/V503I,FALSE,NULL,NULL,NULL,TRUE
BA.2 Spike:144del,Omicron/BA.2/144del,FALSE,NULL,NULL,NULL,TRUE
BA.2 Spike:V83A,Omicron/BA.2/V83A,FALSE,NULL,NULL,NULL,TRUE
BA.2 Spike:H146Q,Omicron/BA.2/H146Q,FALSE,NULL,NULL,NULL,TRUE
BA.2 Spike:Q183E,Omicron/BA.2/Q183E,FALSE,NULL,NULL,NULL,TRUE
BA.2 Spike:V213E,Omicron/BA.2/V213E,FALSE,NULL,NULL,NULL,TRUE
BA.2 Spike:G252V,Omicron/BA.2/G252V,FALSE,NULL,NULL,NULL,TRUE
BA.2 Spike:R346T,Omicron/BA.2/R346T,FALSE,NULL,NULL,NULL,TRUE
BA.2 Spike:L368I,Omicron/BA.2/L368I,FALSE,NULL,NULL,NULL,TRUE
BA.2 Spike:F486S,Omicron/BA.2/F486S,FALSE,NULL,NULL,NULL,TRUE
BA.2 Spike:F490S,Omicron/BA.2/F490S,FALSE,NULL,NULL,NULL,TRUE
BA.4 Spike:+N658S,Omicron/BA.4,FALSE,NULL,NULL,NULL,TRUE
BA.4.1 Spike,Omicron/BA.4.1,FALSE,NULL,NULL,NULL,TRUE
BA.4/5 Spike:R346I,Omicron/BA.5/R346I,FALSE,NULL,NULL,NULL,TRUE
XBB.1 Spike,Omicron/XBB.1,FALSE,NULL,NULL,NULL,TRUE
XBB.1.5 Spike,Omicron/XBB.1.5,FALSE,NULL,NULL,NULL,TRUE
XBB.1.16 Spike,Omicron/XBB.1.16,FALSE,NULL,NULL,NULL,TRUE
WA1+RdRP:802D,NULL,TRUE,NULL,NULL,NULL,TRUE
WA1+RdRP:802A,NULL,TRUE,NULL,NULL,NULL,TRUE
Omicron/BQ.1 full genome,Omicron/BQ.1,FALSE,NULL,NULL,NULL,TRUE
Omicron/XBB full genome,Omicron/XBB,FALSE,NULL,NULL,NULL,TRUE
Omicron/XBB.1 full genome,Omicron/XBB.1,FALSE,NULL,NULL,NULL,TRUE
Omicron/BR.2.1 full genome,Omicron/BR.2.1,FALSE,NULL,NULL,NULL,TRUE
Omicron/BR.2.1 full genome:R346T,Omicron/BR.2.1/R346T,FALSE,NULL,NULL,NULL,TRUE
Omicron/XBC.1 full genome,Omicron/XBC.1,FALSE,NULL,NULL,NULL,TRUE
Omicron/XBF full genome,Omicron/XBF,FALSE,NULL,NULL,NULL,TRUE
BS.1.1 Spike,Omicron/BS.1.1,FALSE,NULL,NULL,NULL,TRUE
XBC Spike,Omicron/XBC,FALSE,NULL,NULL,NULL,TRUE
CA.2 Spike,Omicron/CA.2,FALSE,NULL,NULL,NULL,TRUE
CH.1.1 Spike,Omicron/CH.1.1,FALSE,NULL,NULL,NULL,TRUE
CJ.1 Spike,Omicron/CJ.1,FALSE,NULL,NULL,NULL,TRUE
BA.4.6.3 Spike,Omicron/BA.4.6.3,FALSE,NULL,NULL,NULL,TRUE
BQ.1.1.10 Spike,Omicron/BQ.1.1.10,FALSE,NULL,NULL,NULL,TRUE
BA.2 Spike:G339H,Omicron/BA.2/G339H,FALSE,NULL,NULL,NULL,TRUE
B.1.617.2 Spike:+417N+496Y,Delta/K417N/K496Y,FALSE,NULL,NULL,NULL,TRUE
P.1 Spike:-1027I-1176F,Gamma,FALSE,NULL,NULL,NULL,TRUE
XBB.1 Spike:-144del,Omicron/XBB.1/-144del,FALSE,NULL,NULL,NULL,TRUE
XBB.1.5 Spike:-144del,Omicron/XBB.1.5/-144del,FALSE,NULL,NULL,NULL,TRUE
XBB.1.5 Spike:E180V,Omicron/XBB.1.5/E180V,FALSE,NULL,NULL,NULL,TRUE
XBB.1.5 Spike:T478R,Omicron/XBB.1.5/T478R,FALSE,NULL,NULL,NULL,TRUE
BA.2.76 full genome,Omicron/BA.2.76,FALSE,NULL,NULL,NULL,TRUE
BA.4/5 Spike:+N450D,Omicron/BA.5/N450D,FALSE,NULL,NULL,NULL,TRUE
BA.1 Spike:S371F,Omicron/BA.1/S371F,FALSE,NULL,NULL,NULL,TRUE
BA.1 Spike:T376A,Omicron/BA.1/T376A,FALSE,NULL,NULL,NULL,TRUE
BA.1 Spike:D405N,Omicron/BA.1/D405N,FALSE,NULL,NULL,NULL,TRUE
BA.1 Spike:R408S,Omicron/BA.1/R408S,FALSE,NULL,NULL,NULL,TRUE
BA.1 Spike:-Q493R,Omicron/BA.1/-Q493R,FALSE,NULL,NULL,NULL,TRUE
BA.1 Spike:-G446S-Q493R,Omicron/BA.1/-G446S/-Q493R,FALSE,NULL,NULL,NULL,TRUE
BA.2 Spike:-Q493R,Omicron/BA.2/-Q493R,FALSE,NULL,NULL,NULL,TRUE
BA.2.75 Spike:K356T,Omicron/BA.2.75/K356T,FALSE,NULL,NULL,NULL,TRUE
BA.2.75 Spike:R346T+K444T+F486S,Omicron/BA.2.75/R346T/K444T/F486S,FALSE,NULL,NULL,NULL,TRUE
BA.2.75 Spike:R346T+K356T+R403K+F486S+F490S,Omicron/BA.2.75/R346T/K356T/R403K/F486S/F490S,FALSE,NULL,NULL,NULL,TRUE
BA.2.75 Spike:D574V,Omicron/BA.2.75/D574V,FALSE,NULL,NULL,NULL,TRUE
BA.2.75 Spike:R403K,Omicron/BA.2.75/R403K,FALSE,NULL,NULL,NULL,TRUE
BA.2.75 Spike:K444M,Omicron/BA.2.75/K444M,FALSE,NULL,NULL,NULL,TRUE
BA.2.75 Spike:K444T,Omicron/BA.2.75/K444T,FALSE,NULL,NULL,NULL,TRUE
BA.2.75 Spike:F490S,Omicron/BA.2.75/F490S,FALSE,NULL,NULL,NULL,TRUE
DS.1 Spike,DS.1,FALSE,NULL,NULL,NULL,TRUE
Omicron/XBB.1.5 full genome,Omicron/XBB.1.5,FALSE,NULL,NULL,NULL,TRUE
3CLpro:T25A,NULL,FALSE,NULL,NULL,NULL,TRUE
3CLpro:T25I,NULL,FALSE,NULL,NULL,NULL,TRUE
3CLpro:T25E,NULL,FALSE,NULL,NULL,NULL,TRUE
3CLpro:T25N,NULL,FALSE,NULL,NULL,NULL,TRUE
3CLpro:T25M,NULL,FALSE,NULL,NULL,NULL,TRUE
3CLpro:S46P,NULL,FALSE,NULL,NULL,NULL,TRUE
3CLpro:D48N,NULL,FALSE,NULL,NULL,NULL,TRUE
Omicron/BA.2.86 full genome,Omicron/BA.2.86,FALSE,NULL,NULL,TRUE,TRUE
BA.2.86 Spike,Omicron/BA.2.86,FALSE,NULL,NULL,TRUE,TRUE
3CLpro:F305L,NULL,FALSE,NULL,NULL,NULL,TRUE
EG.5 Spike,Omicron/EG.5,FALSE,NULL,NULL,NULL,TRUE
EG.5.1 Spike,Omicron/EG.5.1,FALSE,NULL,NULL,NULL,TRUE
FL.1.5.1 Spike,Omicron/FL.1.5.1,FALSE,NULL,NULL,NULL,TRUE
Omicron/BN.1 full genome,Omicron/BN.1,FALSE,NULL,NULL,NULL,TRUE
BQ.1.18 Spike,Omicron/BQ.1.18,FALSE,NULL,NULL,NULL,TRUE
XBB.1.5.10 Spike,Omicron/XBB.1.5.10,FALSE,NULL,NULL,NULL,TRUE
XBB.1.5.1 Spike,Omicron/XBB.1.5.1,FALSE,NULL,NULL,NULL,TRUE
XBB.1.5 Spike:K478R+F456L+H505Y,Omicron/XBB.1.5/K478R/F456L/H505Y,FALSE,NULL,NULL,NULL,TRUE
XBB.1.5 Spike:K478R+F456L+H505Y+R403K,Omicron/XBB.1.5/K478R/F456L/H505Y/R403K,FALSE,NULL,NULL,NULL,TRUE
XBB.1.5 Spike:K478R+F456L+H505Y+R403K+K444T,Omicron/XBB.1.5/K478R/F456L/H505Y/R403K/K444T,FALSE,NULL,NULL,NULL,TRUE
XBB.1.5 Spike:K478R+F456L+H505Y+R403K+K444T+K440N,Omicron/XBB.1.5/K478R/F456L/H505Y/R403K/K444T/K440N,FALSE,NULL,NULL,NULL,TRUE
XBB.1.5 Spike:K478R+F456L+H505Y+R403K+K444T+K440N+A484P,Omicron/XBB.1.5/K478R/F456L/H505Y/R403K/K444T/K440N/A484P,FALSE,NULL,NULL,NULL,TRUE
XBB.1.5 Spike:K478R+F456L+H505Y+R403K+K444T+K440N+A484P+Y453F,Omicron/XBB.1.5/K478R/F456L/H505Y/R403K/K444T/K440N/A484P/Y453F,FALSE,NULL,NULL,NULL,TRUE
XBB.1.5 Spike:K478R+F456L+H505Y+R403K+K444T+K440N+A484P+Y453F+N405K,Omicron/XBB.1.5/K478R/F456L/H505Y/R403K/K444T/K440N/A484P/Y453F/N405K,FALSE,NULL,NULL,NULL,TRUE
BA.2.30 Spike,Omicron/BA.2.30,FALSE,NULL,NULL,NULL,TRUE
HV.1 Spike,HV.1,FALSE,NULL,NULL,NULL,TRUE
JN.1 Spike,JN.1,FALSE,NULL,NULL,NULL,TRUE
XBB.2.3 Spike,XBB.2.3,FALSE,NULL,NULL,NULL,TRUE
EU.1.1 Spike,EU.1.1,FALSE,NULL,NULL,NULL,TRUE
HK.3 Spike,HK.3,FALSE,NULL,NULL,NULL,TRUE
JD.1.1 Spike,JD.1.1,FALSE,NULL,NULL,NULL,TRUE
JN.1.11.1 Spike,JN.1.11.1,FALSE,NULL,NULL,NULL,TRUE
KP.2 Spike,KP.2,FALSE,NULL,NULL,NULL,TRUE
KP.3 Spike,KP.3,FALSE,NULL,NULL,NULL,TRUE
KP.2.3 Spike,KP.2.3,FALSE,NULL,NULL,NULL,TRUE
KP.3.1.1 Spike,KP.3.1.1,FALSE,NULL,NULL,NULL,TRUE
LB.1 Spike,LB.1,FALSE,NULL,NULL,NULL,TRUE
