source_codon,dest_amino_acid,min_bp_changes,max_bp_changes
AAA,A,2,3
AAA,C,3,3
AAA,D,2,2
AAA,E,1,2
AAA,F,3,3
AAA,G,2,3
AAA,H,2,2
AAA,I,1,2
AAA,K,0,1
AAA,L,2,3
AAA,M,2,2
AAA,N,1,1
AAA,P,2,3
AAA,Q,1,2
AAA,R,1,3
AAA,S,2,3
AAA,T,1,2
AAA,V,2,3
AAA,W,3,3
AAA,Y,2,2
AAA,stop,1,2
AAC,A,2,3
AAC,C,2,3
AAC,D,1,2
AAC,E,2,2
AAC,F,2,3
AAC,G,2,3
AAC,H,1,2
AAC,I,1,2
AAC,K,1,1
AAC,L,2,3
AAC,M,2,2
AAC,N,0,1
AAC,P,2,3
AAC,Q,2,2
AAC,R,2,3
AAC,S,1,3
AAC,T,1,2
AAC,V,2,3
AAC,W,3,3
AAC,Y,1,2
AAC,stop,2,3
AAG,A,2,3
AAG,C,3,3
AAG,D,2,2
AAG,E,1,2
AAG,F,3,3
AAG,G,2,3
AAG,H,2,2
AAG,I,2,2
AAG,K,0,1
AAG,L,2,3
AAG,M,1,1
AAG,N,1,1
AAG,P,2,3
AAG,Q,1,2
AAG,R,1,3
AAG,S,2,3
AAG,T,1,2
AAG,V,2,3
AAG,W,2,2
AAG,Y,2,2
AAG,stop,1,3
AAT,A,2,3
AAT,C,2,3
AAT,D,1,2
AAT,E,2,2
AAT,F,2,3
AAT,G,2,3
AAT,H,1,2
AAT,I,1,2
AAT,K,1,1
AAT,L,2,3
AAT,M,2,2
AAT,N,0,1
AAT,P,2,3
AAT,Q,2,2
AAT,R,2,3
AAT,S,1,3
AAT,T,1,2
AAT,V,2,3
AAT,W,3,3
AAT,Y,1,2
AAT,stop,2,3
ACA,A,1,2
ACA,C,3,3
ACA,D,3,3
ACA,E,2,3
ACA,F,3,3
ACA,G,2,3
ACA,H,3,3
ACA,I,1,2
ACA,K,1,2
ACA,L,2,3
ACA,M,2,2
ACA,N,2,2
ACA,P,1,2
ACA,Q,2,3
ACA,R,1,3
ACA,S,1,2
ACA,T,0,1
ACA,V,2,3
ACA,W,3,3
ACA,Y,3,3
ACA,stop,2,3
ACC,A,1,2
ACC,C,2,3
ACC,D,2,3
ACC,E,3,3
ACC,F,2,3
ACC,G,2,3
ACC,H,2,3
ACC,I,1,2
ACC,K,2,2
ACC,L,2,3
ACC,M,2,2
ACC,N,1,2
ACC,P,1,2
ACC,Q,3,3
ACC,R,2,3
ACC,S,1,2
ACC,T,0,1
ACC,V,2,3
ACC,W,3,3
ACC,Y,2,3
ACC,stop,3,3
ACG,A,1,2
ACG,C,3,3
ACG,D,3,3
ACG,E,2,3
ACG,F,3,3
ACG,G,2,3
ACG,H,3,3
ACG,I,2,2
ACG,K,1,2
ACG,L,2,3
ACG,M,1,1
ACG,N,2,2
ACG,P,1,2
ACG,Q,2,3
ACG,R,1,3
ACG,S,1,2
ACG,T,0,1
ACG,V,2,3
ACG,W,2,2
ACG,Y,3,3
ACG,stop,2,3
ACT,A,1,2
ACT,C,2,3
ACT,D,2,3
ACT,E,3,3
ACT,F,2,3
ACT,G,2,3
ACT,H,2,3
ACT,I,1,2
ACT,K,2,2
ACT,L,2,3
ACT,M,2,2
ACT,N,1,2
ACT,P,1,2
ACT,Q,3,3
ACT,R,2,3
ACT,S,1,2
ACT,T,0,1
ACT,V,2,3
ACT,W,3,3
ACT,Y,2,3
ACT,stop,3,3
AGA,A,2,3
AGA,C,2,2
AGA,D,3,3
AGA,E,2,3
AGA,F,3,3
AGA,G,1,2
AGA,H,3,3
AGA,I,1,2
AGA,K,1,2
AGA,L,2,3
AGA,M,2,2
AGA,N,2,2
AGA,P,2,3
AGA,Q,2,3
AGA,R,0,2
AGA,S,1,3
AGA,T,1,2
AGA,V,2,3
AGA,W,2,2
AGA,Y,3,3
AGA,stop,1,3
AGC,A,2,3
AGC,C,1,2
AGC,D,2,3
AGC,E,3,3
AGC,F,2,3
AGC,G,1,2
AGC,H,2,3
AGC,I,1,2
AGC,K,2,2
AGC,L,2,3
AGC,M,2,2
AGC,N,1,2
AGC,P,2,3
AGC,Q,3,3
AGC,R,1,2
AGC,S,0,3
AGC,T,1,2
AGC,V,2,3
AGC,W,2,2
AGC,Y,2,3
AGC,stop,2,3
AGG,A,2,3
AGG,C,2,2
AGG,D,3,3
AGG,E,2,3
AGG,F,3,3
AGG,G,1,2
AGG,H,3,3
AGG,I,2,2
AGG,K,1,2
AGG,L,2,3
AGG,M,1,1
AGG,N,2,2
AGG,P,2,3
AGG,Q,2,3
AGG,R,0,2
AGG,S,1,3
AGG,T,1,2
AGG,V,2,3
AGG,W,1,1
AGG,Y,3,3
AGG,stop,2,3
AGT,A,2,3
AGT,C,1,2
AGT,D,2,3
AGT,E,3,3
AGT,F,2,3
AGT,G,1,2
AGT,H,2,3
AGT,I,1,2
AGT,K,2,2
AGT,L,2,3
AGT,M,2,2
AGT,N,1,2
AGT,P,2,3
AGT,Q,3,3
AGT,R,1,2
AGT,S,0,3
AGT,T,1,2
AGT,V,2,3
AGT,W,2,2
AGT,Y,2,3
AGT,stop,2,3
ATA,A,2,3
ATA,C,3,3
ATA,D,3,3
ATA,E,2,3
ATA,F,2,2
ATA,G,2,3
ATA,H,3,3
ATA,I,0,1
ATA,K,1,2
ATA,L,1,2
ATA,M,1,1
ATA,N,2,2
ATA,P,2,3
ATA,Q,2,3
ATA,R,1,3
ATA,S,2,3
ATA,T,1,2
ATA,V,1,2
ATA,W,3,3
ATA,Y,3,3
ATA,stop,2,3
ATC,A,2,3
ATC,C,2,3
ATC,D,2,3
ATC,E,3,3
ATC,F,1,2
ATC,G,2,3
ATC,H,2,3
ATC,I,0,1
ATC,K,2,2
ATC,L,1,2
ATC,M,1,1
ATC,N,1,2
ATC,P,2,3
ATC,Q,3,3
ATC,R,2,3
ATC,S,1,3
ATC,T,1,2
ATC,V,1,2
ATC,W,3,3
ATC,Y,2,3
ATC,stop,3,3
ATG,A,2,3
ATG,C,3,3
ATG,D,3,3
ATG,E,2,3
ATG,F,2,2
ATG,G,2,3
ATG,H,3,3
ATG,I,1,1
ATG,K,1,2
ATG,L,1,2
ATG,M,0,0
ATG,N,2,2
ATG,P,2,3
ATG,Q,2,3
ATG,R,1,3
ATG,S,2,3
ATG,T,1,2
ATG,V,1,2
ATG,W,2,2
ATG,Y,3,3
ATG,stop,2,3
ATT,A,2,3
ATT,C,2,3
ATT,D,2,3
ATT,E,3,3
ATT,F,1,2
ATT,G,2,3
ATT,H,2,3
ATT,I,0,1
ATT,K,2,2
ATT,L,1,2
ATT,M,1,1
ATT,N,1,2
ATT,P,2,3
ATT,Q,3,3
ATT,R,2,3
ATT,S,1,3
ATT,T,1,2
ATT,V,1,2
ATT,W,3,3
ATT,Y,2,3
ATT,stop,3,3
CAA,A,2,3
CAA,C,3,3
CAA,D,2,2
CAA,E,1,2
CAA,F,3,3
CAA,G,2,3
CAA,H,1,1
CAA,I,2,3
CAA,K,1,2
CAA,L,1,3
CAA,M,3,3
CAA,N,2,2
CAA,P,1,2
CAA,Q,0,1
CAA,R,1,3
CAA,S,2,3
CAA,T,2,3
CAA,V,2,3
CAA,W,3,3
CAA,Y,2,2
CAA,stop,1,2
CAC,A,2,3
CAC,C,2,3
CAC,D,1,2
CAC,E,2,2
CAC,F,2,3
CAC,G,2,3
CAC,H,0,1
CAC,I,2,3
CAC,K,2,2
CAC,L,1,3
CAC,M,3,3
CAC,N,1,2
CAC,P,1,2
CAC,Q,1,1
CAC,R,1,3
CAC,S,2,3
CAC,T,2,3
CAC,V,2,3
CAC,W,3,3
CAC,Y,1,2
CAC,stop,2,3
CAG,A,2,3
CAG,C,3,3
CAG,D,2,2
CAG,E,1,2
CAG,F,3,3
CAG,G,2,3
CAG,H,1,1
CAG,I,3,3
CAG,K,1,2
CAG,L,1,3
CAG,M,2,2
CAG,N,2,2
CAG,P,1,2
CAG,Q,0,1
CAG,R,1,3
CAG,S,2,3
CAG,T,2,3
CAG,V,2,3
CAG,W,2,2
CAG,Y,2,2
CAG,stop,1,3
CAT,A,2,3
CAT,C,2,3
CAT,D,1,2
CAT,E,2,2
CAT,F,2,3
CAT,G,2,3
CAT,H,0,1
CAT,I,2,3
CAT,K,2,2
CAT,L,1,3
CAT,M,3,3
CAT,N,1,2
CAT,P,1,2
CAT,Q,1,1
CAT,R,1,3
CAT,S,2,3
CAT,T,2,3
CAT,V,2,3
CAT,W,3,3
CAT,Y,1,2
CAT,stop,2,3
CCA,A,1,2
CCA,C,3,3
CCA,D,3,3
CCA,E,2,3
CCA,F,3,3
CCA,G,2,3
CCA,H,2,2
CCA,I,2,3
CCA,K,2,3
CCA,L,1,3
CCA,M,3,3
CCA,N,3,3
CCA,P,0,1
CCA,Q,1,2
CCA,R,1,3
CCA,S,1,3
CCA,T,1,2
CCA,V,2,3
CCA,W,3,3
CCA,Y,3,3
CCA,stop,2,3
CCC,A,1,2
CCC,C,2,3
CCC,D,2,3
CCC,E,3,3
CCC,F,2,3
CCC,G,2,3
CCC,H,1,2
CCC,I,2,3
CCC,K,3,3
CCC,L,1,3
CCC,M,3,3
CCC,N,2,3
CCC,P,0,1
CCC,Q,2,2
CCC,R,1,3
CCC,S,1,3
CCC,T,1,2
CCC,V,2,3
CCC,W,3,3
CCC,Y,2,3
CCC,stop,3,3
CCG,A,1,2
CCG,C,3,3
CCG,D,3,3
CCG,E,2,3
CCG,F,3,3
CCG,G,2,3
CCG,H,2,2
CCG,I,3,3
CCG,K,2,3
CCG,L,1,3
CCG,M,2,2
CCG,N,3,3
CCG,P,0,1
CCG,Q,1,2
CCG,R,1,3
CCG,S,1,3
CCG,T,1,2
CCG,V,2,3
CCG,W,2,2
CCG,Y,3,3
CCG,stop,2,3
CCT,A,1,2
CCT,C,2,3
CCT,D,2,3
CCT,E,3,3
CCT,F,2,3
CCT,G,2,3
CCT,H,1,2
CCT,I,2,3
CCT,K,3,3
CCT,L,1,3
CCT,M,3,3
CCT,N,2,3
CCT,P,0,1
CCT,Q,2,2
CCT,R,1,3
CCT,S,1,3
CCT,T,1,2
CCT,V,2,3
CCT,W,3,3
CCT,Y,2,3
CCT,stop,3,3
CGA,A,2,3
CGA,C,2,2
CGA,D,3,3
CGA,E,2,3
CGA,F,3,3
CGA,G,1,2
CGA,H,2,2
CGA,I,2,3
CGA,K,2,3
CGA,L,1,3
CGA,M,3,3
CGA,N,3,3
CGA,P,1,2
CGA,Q,1,2
CGA,R,0,2
CGA,S,2,3
CGA,T,2,3
CGA,V,2,3
CGA,W,2,2
CGA,Y,3,3
CGA,stop,1,3
CGC,A,2,3
CGC,C,1,2
CGC,D,2,3
CGC,E,3,3
CGC,F,2,3
CGC,G,1,2
CGC,H,1,2
CGC,I,2,3
CGC,K,3,3
CGC,L,1,3
CGC,M,3,3
CGC,N,2,3
CGC,P,1,2
CGC,Q,2,2
CGC,R,0,2
CGC,S,1,3
CGC,T,2,3
CGC,V,2,3
CGC,W,2,2
CGC,Y,2,3
CGC,stop,2,3
CGG,A,2,3
CGG,C,2,2
CGG,D,3,3
CGG,E,2,3
CGG,F,3,3
CGG,G,1,2
CGG,H,2,2
CGG,I,3,3
CGG,K,2,3
CGG,L,1,3
CGG,M,2,2
CGG,N,3,3
CGG,P,1,2
CGG,Q,1,2
CGG,R,0,2
CGG,S,2,3
CGG,T,2,3
CGG,V,2,3
CGG,W,1,1
CGG,Y,3,3
CGG,stop,2,3
CGT,A,2,3
CGT,C,1,2
CGT,D,2,3
CGT,E,3,3
CGT,F,2,3
CGT,G,1,2
CGT,H,1,2
CGT,I,2,3
CGT,K,3,3
CGT,L,1,3
CGT,M,3,3
CGT,N,2,3
CGT,P,1,2
CGT,Q,2,2
CGT,R,0,2
CGT,S,1,3
CGT,T,2,3
CGT,V,2,3
CGT,W,2,2
CGT,Y,2,3
CGT,stop,2,3
CTA,A,2,3
CTA,C,3,3
CTA,D,3,3
CTA,E,2,3
CTA,F,2,2
CTA,G,2,3
CTA,H,2,2
CTA,I,1,2
CTA,K,2,3
CTA,L,0,2
CTA,M,2,2
CTA,N,3,3
CTA,P,1,2
CTA,Q,1,2
CTA,R,1,3
CTA,S,2,3
CTA,T,2,3
CTA,V,1,2
CTA,W,3,3
CTA,Y,3,3
CTA,stop,2,3
CTC,A,2,3
CTC,C,2,3
CTC,D,2,3
CTC,E,3,3
CTC,F,1,2
CTC,G,2,3
CTC,H,1,2
CTC,I,1,2
CTC,K,3,3
CTC,L,0,2
CTC,M,2,2
CTC,N,2,3
CTC,P,1,2
CTC,Q,2,2
CTC,R,1,3
CTC,S,2,3
CTC,T,2,3
CTC,V,1,2
CTC,W,3,3
CTC,Y,2,3
CTC,stop,3,3
CTG,A,2,3
CTG,C,3,3
CTG,D,3,3
CTG,E,2,3
CTG,F,2,2
CTG,G,2,3
CTG,H,2,2
CTG,I,2,2
CTG,K,2,3
CTG,L,0,2
CTG,M,1,1
CTG,N,3,3
CTG,P,1,2
CTG,Q,1,2
CTG,R,1,3
CTG,S,2,3
CTG,T,2,3
CTG,V,1,2
CTG,W,2,2
CTG,Y,3,3
CTG,stop,2,3
CTT,A,2,3
CTT,C,2,3
CTT,D,2,3
CTT,E,3,3
CTT,F,1,2
CTT,G,2,3
CTT,H,1,2
CTT,I,1,2
CTT,K,3,3
CTT,L,0,2
CTT,M,2,2
CTT,N,2,3
CTT,P,1,2
CTT,Q,2,2
CTT,R,1,3
CTT,S,2,3
CTT,T,2,3
CTT,V,1,2
CTT,W,3,3
CTT,Y,2,3
CTT,stop,3,3
GAA,A,1,2
GAA,C,3,3
GAA,D,1,1
GAA,E,0,1
GAA,F,3,3
GAA,G,1,2
GAA,H,2,2
GAA,I,2,3
GAA,K,1,2
GAA,L,2,3
GAA,M,3,3
GAA,N,2,2
GAA,P,2,3
GAA,Q,1,2
GAA,R,2,3
GAA,S,2,3
GAA,T,2,3
GAA,V,1,2
GAA,W,3,3
GAA,Y,2,2
GAA,stop,1,2
GAC,A,1,2
GAC,C,2,3
GAC,D,0,1
GAC,E,1,1
GAC,F,2,3
GAC,G,1,2
GAC,H,1,2
GAC,I,2,3
GAC,K,2,2
GAC,L,2,3
GAC,M,3,3
GAC,N,1,2
GAC,P,2,3
GAC,Q,2,2
GAC,R,2,3
GAC,S,2,3
GAC,T,2,3
GAC,V,1,2
GAC,W,3,3
GAC,Y,1,2
GAC,stop,2,3
GAG,A,1,2
GAG,C,3,3
GAG,D,1,1
GAG,E,0,1
GAG,F,3,3
GAG,G,1,2
GAG,H,2,2
GAG,I,3,3
GAG,K,1,2
GAG,L,2,3
GAG,M,2,2
GAG,N,2,2
GAG,P,2,3
GAG,Q,1,2
GAG,R,2,3
GAG,S,2,3
GAG,T,2,3
GAG,V,1,2
GAG,W,2,2
GAG,Y,2,2
GAG,stop,1,3
GAT,A,1,2
GAT,C,2,3
GAT,D,0,1
GAT,E,1,1
GAT,F,2,3
GAT,G,1,2
GAT,H,1,2
GAT,I,2,3
GAT,K,2,2
GAT,L,2,3
GAT,M,3,3
GAT,N,1,2
GAT,P,2,3
GAT,Q,2,2
GAT,R,2,3
GAT,S,2,3
GAT,T,2,3
GAT,V,1,2
GAT,W,3,3
GAT,Y,1,2
GAT,stop,2,3
GCA,A,0,1
GCA,C,3,3
GCA,D,2,2
GCA,E,1,2
GCA,F,3,3
GCA,G,1,2
GCA,H,3,3
GCA,I,2,3
GCA,K,2,3
GCA,L,2,3
GCA,M,3,3
GCA,N,3,3
GCA,P,1,2
GCA,Q,2,3
GCA,R,2,3
GCA,S,1,3
GCA,T,1,2
GCA,V,1,2
GCA,W,3,3
GCA,Y,3,3
GCA,stop,2,3
GCC,A,0,1
GCC,C,2,3
GCC,D,1,2
GCC,E,2,2
GCC,F,2,3
GCC,G,1,2
GCC,H,2,3
GCC,I,2,3
GCC,K,3,3
GCC,L,2,3
GCC,M,3,3
GCC,N,2,3
GCC,P,1,2
GCC,Q,3,3
GCC,R,2,3
GCC,S,1,3
GCC,T,1,2
GCC,V,1,2
GCC,W,3,3
GCC,Y,2,3
GCC,stop,3,3
GCG,A,0,1
GCG,C,3,3
GCG,D,2,2
GCG,E,1,2
GCG,F,3,3
GCG,G,1,2
GCG,H,3,3
GCG,I,3,3
GCG,K,2,3
GCG,L,2,3
GCG,M,2,2
GCG,N,3,3
GCG,P,1,2
GCG,Q,2,3
GCG,R,2,3
GCG,S,1,3
GCG,T,1,2
GCG,V,1,2
GCG,W,2,2
GCG,Y,3,3
GCG,stop,2,3
GCT,A,0,1
GCT,C,2,3
GCT,D,1,2
GCT,E,2,2
GCT,F,2,3
GCT,G,1,2
GCT,H,2,3
GCT,I,2,3
GCT,K,3,3
GCT,L,2,3
GCT,M,3,3
GCT,N,2,3
GCT,P,1,2
GCT,Q,3,3
GCT,R,2,3
GCT,S,1,3
GCT,T,1,2
GCT,V,1,2
GCT,W,3,3
GCT,Y,2,3
GCT,stop,3,3
GGA,A,1,2
GGA,C,2,2
GGA,D,2,2
GGA,E,1,2
GGA,F,3,3
GGA,G,0,1
GGA,H,3,3
GGA,I,2,3
GGA,K,2,3
GGA,L,2,3
GGA,M,3,3
GGA,N,3,3
GGA,P,2,3
GGA,Q,2,3
GGA,R,1,2
GGA,S,2,3
GGA,T,2,3
GGA,V,1,2
GGA,W,2,2
GGA,Y,3,3
GGA,stop,1,3
GGC,A,1,2
GGC,C,1,2
GGC,D,1,2
GGC,E,2,2
GGC,F,2,3
GGC,G,0,1
GGC,H,2,3
GGC,I,2,3
GGC,K,3,3
GGC,L,2,3
GGC,M,3,3
GGC,N,2,3
GGC,P,2,3
GGC,Q,3,3
GGC,R,1,2
GGC,S,1,3
GGC,T,2,3
GGC,V,1,2
GGC,W,2,2
GGC,Y,2,3
GGC,stop,2,3
GGG,A,1,2
GGG,C,2,2
GGG,D,2,2
GGG,E,1,2
GGG,F,3,3
GGG,G,0,1
GGG,H,3,3
GGG,I,3,3
GGG,K,2,3
GGG,L,2,3
GGG,M,2,2
GGG,N,3,3
GGG,P,2,3
GGG,Q,2,3
GGG,R,1,2
GGG,S,2,3
GGG,T,2,3
GGG,V,1,2
GGG,W,1,1
GGG,Y,3,3
GGG,stop,2,3
GGT,A,1,2
GGT,C,1,2
GGT,D,1,2
GGT,E,2,2
GGT,F,2,3
GGT,G,0,1
GGT,H,2,3
GGT,I,2,3
GGT,K,3,3
GGT,L,2,3
GGT,M,3,3
GGT,N,2,3
GGT,P,2,3
GGT,Q,3,3
GGT,R,1,2
GGT,S,1,3
GGT,T,2,3
GGT,V,1,2
GGT,W,2,2
GGT,Y,2,3
GGT,stop,2,3
GTA,A,1,2
GTA,C,3,3
GTA,D,2,2
GTA,E,1,2
GTA,F,2,2
GTA,G,1,2
GTA,H,3,3
GTA,I,1,2
GTA,K,2,3
GTA,L,1,2
GTA,M,2,2
GTA,N,3,3
GTA,P,2,3
GTA,Q,2,3
GTA,R,2,3
GTA,S,2,3
GTA,T,2,3
GTA,V,0,1
GTA,W,3,3
GTA,Y,3,3
GTA,stop,2,3
GTC,A,1,2
GTC,C,2,3
GTC,D,1,2
GTC,E,2,2
GTC,F,1,2
GTC,G,1,2
GTC,H,2,3
GTC,I,1,2
GTC,K,3,3
GTC,L,1,2
GTC,M,2,2
GTC,N,2,3
GTC,P,2,3
GTC,Q,3,3
GTC,R,2,3
GTC,S,2,3
GTC,T,2,3
GTC,V,0,1
GTC,W,3,3
GTC,Y,2,3
GTC,stop,3,3
GTG,A,1,2
GTG,C,3,3
GTG,D,2,2
GTG,E,1,2
GTG,F,2,2
GTG,G,1,2
GTG,H,3,3
GTG,I,2,2
GTG,K,2,3
GTG,L,1,2
GTG,M,1,1
GTG,N,3,3
GTG,P,2,3
GTG,Q,2,3
GTG,R,2,3
GTG,S,2,3
GTG,T,2,3
GTG,V,0,1
GTG,W,2,2
GTG,Y,3,3
GTG,stop,2,3
GTT,A,1,2
GTT,C,2,3
GTT,D,1,2
GTT,E,2,2
GTT,F,1,2
GTT,G,1,2
GTT,H,2,3
GTT,I,1,2
GTT,K,3,3
GTT,L,1,2
GTT,M,2,2
GTT,N,2,3
GTT,P,2,3
GTT,Q,3,3
GTT,R,2,3
GTT,S,2,3
GTT,T,2,3
GTT,V,0,1
GTT,W,3,3
GTT,Y,2,3
GTT,stop,3,3
TAA,A,2,3
TAA,C,2,2
TAA,D,2,2
TAA,E,1,2
TAA,F,2,2
TAA,G,2,3
TAA,H,2,2
TAA,I,2,3
TAA,K,1,2
TAA,L,1,3
TAA,M,3,3
TAA,N,2,2
TAA,P,2,3
TAA,Q,1,2
TAA,R,2,3
TAA,S,1,3
TAA,T,2,3
TAA,V,2,3
TAA,W,2,2
TAA,Y,1,1
TAA,stop,0,1
TAC,A,2,3
TAC,C,1,2
TAC,D,1,2
TAC,E,2,2
TAC,F,1,2
TAC,G,2,3
TAC,H,1,2
TAC,I,2,3
TAC,K,2,2
TAC,L,2,3
TAC,M,3,3
TAC,N,1,2
TAC,P,2,3
TAC,Q,2,2
TAC,R,2,3
TAC,S,1,3
TAC,T,2,3
TAC,V,2,3
TAC,W,2,2
TAC,Y,0,1
TAC,stop,1,2
TAG,A,2,3
TAG,C,2,2
TAG,D,2,2
TAG,E,1,2
TAG,F,2,2
TAG,G,2,3
TAG,H,2,2
TAG,I,3,3
TAG,K,1,2
TAG,L,1,3
TAG,M,2,2
TAG,N,2,2
TAG,P,2,3
TAG,Q,1,2
TAG,R,2,3
TAG,S,1,3
TAG,T,2,3
TAG,V,2,3
TAG,W,1,1
TAG,Y,1,1
TAG,stop,0,2
TAT,A,2,3
TAT,C,1,2
TAT,D,1,2
TAT,E,2,2
TAT,F,1,2
TAT,G,2,3
TAT,H,1,2
TAT,I,2,3
TAT,K,2,2
TAT,L,2,3
TAT,M,3,3
TAT,N,1,2
TAT,P,2,3
TAT,Q,2,2
TAT,R,2,3
TAT,S,1,3
TAT,T,2,3
TAT,V,2,3
TAT,W,2,2
TAT,Y,0,1
TAT,stop,1,2
TCA,A,1,2
TCA,C,2,2
TCA,D,3,3
TCA,E,2,3
TCA,F,2,2
TCA,G,2,3
TCA,H,3,3
TCA,I,2,3
TCA,K,2,3
TCA,L,1,3
TCA,M,3,3
TCA,N,3,3
TCA,P,1,2
TCA,Q,2,3
TCA,R,2,3
TCA,S,0,3
TCA,T,1,2
TCA,V,2,3
TCA,W,2,2
TCA,Y,2,2
TCA,stop,1,2
TCC,A,1,2
TCC,C,1,2
TCC,D,2,3
TCC,E,3,3
TCC,F,1,2
TCC,G,2,3
TCC,H,2,3
TCC,I,2,3
TCC,K,3,3
TCC,L,2,3
TCC,M,3,3
TCC,N,2,3
TCC,P,1,2
TCC,Q,3,3
TCC,R,2,3
TCC,S,0,3
TCC,T,1,2
TCC,V,2,3
TCC,W,2,2
TCC,Y,1,2
TCC,stop,2,2
TCG,A,1,2
TCG,C,2,2
TCG,D,3,3
TCG,E,2,3
TCG,F,2,2
TCG,G,2,3
TCG,H,3,3
TCG,I,3,3
TCG,K,2,3
TCG,L,1,3
TCG,M,2,2
TCG,N,3,3
TCG,P,1,2
TCG,Q,2,3
TCG,R,2,3
TCG,S,0,3
TCG,T,1,2
TCG,V,2,3
TCG,W,1,1
TCG,Y,2,2
TCG,stop,1,2
TCT,A,1,2
TCT,C,1,2
TCT,D,2,3
TCT,E,3,3
TCT,F,1,2
TCT,G,2,3
TCT,H,2,3
TCT,I,2,3
TCT,K,3,3
TCT,L,2,3
TCT,M,3,3
TCT,N,2,3
TCT,P,1,2
TCT,Q,3,3
TCT,R,2,3
TCT,S,0,3
TCT,T,1,2
TCT,V,2,3
TCT,W,2,2
TCT,Y,1,2
TCT,stop,2,2
TGA,A,2,3
TGA,C,1,1
TGA,D,3,3
TGA,E,2,3
TGA,F,2,2
TGA,G,1,2
TGA,H,3,3
TGA,I,2,3
TGA,K,2,3
TGA,L,1,3
TGA,M,3,3
TGA,N,3,3
TGA,P,2,3
TGA,Q,2,3
TGA,R,1,2
TGA,S,1,2
TGA,T,2,3
TGA,V,2,3
TGA,W,1,1
TGA,Y,2,2
TGA,stop,0,2
TGC,A,2,3
TGC,C,0,1
TGC,D,2,3
TGC,E,3,3
TGC,F,1,2
TGC,G,1,2
TGC,H,2,3
TGC,I,2,3
TGC,K,3,3
TGC,L,2,3
TGC,M,3,3
TGC,N,2,3
TGC,P,2,3
TGC,Q,3,3
TGC,R,1,2
TGC,S,1,2
TGC,T,2,3
TGC,V,2,3
TGC,W,1,1
TGC,Y,1,2
TGC,stop,1,2
TGG,A,2,3
TGG,C,1,1
TGG,D,3,3
TGG,E,2,3
TGG,F,2,2
TGG,G,1,2
TGG,H,3,3
TGG,I,3,3
TGG,K,2,3
TGG,L,1,3
TGG,M,2,2
TGG,N,3,3
TGG,P,2,3
TGG,Q,2,3
TGG,R,1,2
TGG,S,1,2
TGG,T,2,3
TGG,V,2,3
TGG,W,0,0
TGG,Y,2,2
TGG,stop,1,2
TGT,A,2,3
TGT,C,0,1
TGT,D,2,3
TGT,E,3,3
TGT,F,1,2
TGT,G,1,2
TGT,H,2,3
TGT,I,2,3
TGT,K,3,3
TGT,L,2,3
TGT,M,3,3
TGT,N,2,3
TGT,P,2,3
TGT,Q,3,3
TGT,R,1,2
TGT,S,1,2
TGT,T,2,3
TGT,V,2,3
TGT,W,1,1
TGT,Y,1,2
TGT,stop,1,2
TTA,A,2,3
TTA,C,2,2
TTA,D,3,3
TTA,E,2,3
TTA,F,1,1
TTA,G,2,3
TTA,H,3,3
TTA,I,1,2
TTA,K,2,3
TTA,L,0,2
TTA,M,2,2
TTA,N,3,3
TTA,P,2,3
TTA,Q,2,3
TTA,R,2,3
TTA,S,1,3
TTA,T,2,3
TTA,V,1,2
TTA,W,2,2
TTA,Y,2,2
TTA,stop,1,2
TTC,A,2,3
TTC,C,1,2
TTC,D,2,3
TTC,E,3,3
TTC,F,0,1
TTC,G,2,3
TTC,H,2,3
TTC,I,1,2
TTC,K,3,3
TTC,L,1,2
TTC,M,2,2
TTC,N,2,3
TTC,P,2,3
TTC,Q,3,3
TTC,R,2,3
TTC,S,1,3
TTC,T,2,3
TTC,V,1,2
TTC,W,2,2
TTC,Y,1,2
TTC,stop,2,2
TTG,A,2,3
TTG,C,2,2
TTG,D,3,3
TTG,E,2,3
TTG,F,1,1
TTG,G,2,3
TTG,H,3,3
TTG,I,2,2
TTG,K,2,3
TTG,L,0,2
TTG,M,1,1
TTG,N,3,3
TTG,P,2,3
TTG,Q,2,3
TTG,R,2,3
TTG,S,1,3
TTG,T,2,3
TTG,V,1,2
TTG,W,1,1
TTG,Y,2,2
TTG,stop,1,2
TTT,A,2,3
TTT,C,1,2
TTT,D,2,3
TTT,E,3,3
TTT,F,0,1
TTT,G,2,3
TTT,H,2,3
TTT,I,1,2
TTT,K,3,3
TTT,L,1,2
TTT,M,2,2
TTT,N,2,3
TTT,P,2,3
TTT,Q,3,3
TTT,R,2,3
TTT,S,1,3
TTT,T,2,3
TTT,V,1,2
TTT,W,2,2
TTT,Y,1,2
TTT,stop,2,2
