var_name,ref_name,status
Alpha,WHO21,VOC
Alpha/L452R,WHO21,VOC
Alpha/E484K,WHO21,VOC
Alpha/E484A,WHO21,VOC
Alpha/E484Q,WHO21,VOC
Alpha/F490S,WHO21,VOC
Alpha/Q493R,WHO21,VOC
Alpha/Q493K,WHO21,VOC
Alpha/S494P,WHO21,VOC
Alpha/A475V+E484K,WHO21,VOC
Alpha/D138Y+A701V,WHO21,VOC
Alpha/A372S,WHO21,VOC
Alpha/K417N+E484K,WHO21,VOC
Alpha/K417N+E484K+Q493R,WHO21,VOC
Alpha/E484K+Q493R+S494P,WHO21,VOC
Alpha/Q677H,WHO21,VOC
Beta,WHO21,VOC
Beta/E484Q,WHO21,VOC
Beta/L452R,WHO21,VOC
Beta/K444E,WHO21,VOC
Beta/G446V,WHO21,VOC
Beta/Q677H,WHO21,VOC
Beta w/o N501Y,WHO21,VOC
Beta w/o K417N,WHO21,VOC
Beta w/o E484K,WHO21,VOC
Gamma,WHO21,VOC
Gamma/Q677H,WHO21,VOC
Delta,WHO21,VOC
Delta/K417N,WHO21,VOC
Delta/K444T,WHO21,VOC
Delta/K476D,WHO21,VOC
Delta/K486S,WHO21,VOC
Delta/K487K,WHO21,VOC
Delta/K487D,WHO21,VOC
Delta/E484Q,WHO21,VOC
Delta/E484K,WHO21,VOC
Delta/Q613H,WHO21,VOC
Omicron/BA.1,WHO21,VOC
Omicron/BA.2,WHO21,VOC
Omicron/BA.2/L452R,WHO21,VOC
Omicron/BA.2/L452Q,WHO21,VOC
Omicron/BA.2/F486V,WHO21,VOC
Omicron/BA.2/F486V+R493Q,WHO21,VOC
Omicron/BA.2/R493Q,WHO21,VOC
Omicron/BA.2/S704L,WHO21,VOC
Omicron/BA.3,WHO21,VOC
Omicron/BA.4,WHO21,VOC
Omicron/BA.5,WHO21,VOC
Omicron/BA.2.12.1,WHO21,VOC
Omicron/BA.1.1,WHO21,VOC
Epsilon,WHO21,VOI
Epsilon/E484K,WHO21,VOI
Zeta,WHO21,VOI
Eta,WHO21,VOI
Theta,WHO21,VOI
Iota,WHO21,VOI
Iota/S477N,WHO21,VOI
Iota/E484K,WHO21,VOI
Kappa,WHO21,VOI
Lambda,WHO21,VOI
Mu,WHO21,VOI
Omicron/BA.1,CDC21,VOC
Omicron/BA.2,CDC21,VOC
Omicron/BA.2/L452R,CDC21,VOC
Omicron/BA.2/L452Q,CDC21,VOC
Omicron/BA.2/F486V,CDC21,VOC
Omicron/BA.2/F486V+R493Q,CDC21,VOC
Omicron/BA.2/R493Q,CDC21,VOC
Omicron/BA.2/S704L,CDC21,VOC
Omicron/BA.3,CDC21,VOC
Omicron/BA.4,CDC21,VOC
Omicron/BA.5,CDC21,VOC
Omicron/BA.2.12.1,CDC21,VOC
Omicron/BA.1.1,CDC21,VOC
Alpha,CDC21,VBM
Alpha/L452R,CDC21,VBM
Alpha/E484K,CDC21,VBM
Alpha/E484A,CDC21,VBM
Alpha/E484Q,CDC21,VBM
Alpha/F490S,CDC21,VBM
Alpha/Q493R,CDC21,VBM
Alpha/Q493K,CDC21,VBM
Alpha/S494P,CDC21,VBM
Alpha/A475V+E484K,CDC21,VBM
Alpha/D138Y+A701V,CDC21,VBM
Alpha/A372S,CDC21,VBM
Alpha/K417N+E484K,CDC21,VBM
Alpha/K417N+E484K+Q493R,CDC21,VBM
Alpha/E484K+Q493R+S494P,CDC21,VBM
Alpha/Q677H,CDC21,VBM
Beta,CDC21,VBM
Beta/E484Q,CDC21,VBM
Beta/L452R,CDC21,VBM
Beta/K444E,CDC21,VBM
Beta/G446V,CDC21,VBM
Beta/Q677H,CDC21,VBM
Beta w/o N501Y,CDC21,VBM
Beta w/o K417N,CDC21,VBM
Beta w/o E484K,CDC21,VBM
Gamma,CDC21,VBM
Gamma/Q677H,CDC21,VBM
Delta,CDC21,VBM
Delta/K417N,CDC21,VBM
Delta/K444T,CDC21,VBM
Delta/K476D,CDC21,VBM
Delta/K486S,CDC21,VBM
Delta/K487K,CDC21,VBM
Delta/K487D,CDC21,VBM
Delta/E484Q,CDC21,VBM
Delta/E484K,CDC21,VBM
Delta/Q613H,CDC21,VBM
Epsilon,CDC21,VBM
Epsilon/E484K,CDC21,VBM
Eta,CDC21,VBM
Iota,CDC21,VBM
Iota/S477N,CDC21,VBM
Iota/E484K,CDC21,VBM
Kappa,CDC21,VBM
B.1.617.3,CDC21,VBM
Zeta,CDC21,VBM
Mu,CDC21,VBM
Delta,ECDC21,VOC
Delta/K417N,ECDC21,VOC
Delta/K444T,ECDC21,VOC
Delta/K476D,ECDC21,VOC
Delta/K486S,ECDC21,VOC
Delta/K487K,ECDC21,VOC
Delta/K487D,ECDC21,VOC
Delta/E484Q,ECDC21,VOC
Delta/E484K,ECDC21,VOC
Delta/Q613H,ECDC21,VOC
Omicron/BA.1,ECDC21,VOC
Omicron/BA.2,ECDC21,VOC
Omicron/BA.2/L452R,ECDC21,VOC
Omicron/BA.2/L452Q,ECDC21,VOC
Omicron/BA.2/F486V,ECDC21,VOC
Omicron/BA.2/F486V+R493Q,ECDC21,VOC
Omicron/BA.2/R493Q,ECDC21,VOC
Omicron/BA.2/S704L,ECDC21,VOC
Omicron/BA.3,ECDC21,VBM
Omicron/BA.4,ECDC21,VOC
Omicron/BA.5,ECDC21,VOC
Omicron/BA.2.12.1,ECDC21,VBM
Omicron/BA.1,PHE22,VOC
Omicron/BA.2,PHE22,VOC
Omicron/BA.2/L452R,PHE22,VOC
Omicron/BA.2/L452Q,PHE22,VOC
Omicron/BA.2/F486V,PHE22,VOC
Omicron/BA.2/F486V+R493Q,PHE22,VOC
Omicron/BA.2/R493Q,PHE22,VOC
Omicron/BA.2/S704L,PHE22,VOC
Omicron/BA.4,PHE22,VOC
Omicron/BA.5,PHE22,VOC
