variant_name,gene,position,amino_acid
20A.EU2 Spike,S,477,N
20A.EU2 Spike,S,614,G
B.1.1.298 Spike,S,453,F
B.1.1.298 Spike,S,614,G
B.1.1.298 Spike,S,692,V
B.1.1.298 Spike,S,1229,I
B.1.1.7 authentic,N,3,L
B.1.1.7 authentic,N,235,F
B.1.1.7 authentic,nsp6,106,del
B.1.1.7 authentic,nsp6,107,del
B.1.1.7 authentic,nsp6,108,del
B.1.1.7 authentic,ORF8,27,stop
B.1.1.7 authentic,ORF8,52,I
B.1.1.7 authentic,ORF8,73,C
B.1.1.7 authentic,PL,183,I
B.1.1.7 authentic,PL,890,D
B.1.1.7 authentic,PL,1412,T
B.1.1.7 authentic,RdRP,323,L
B.1.1.7 authentic,S,69,del
B.1.1.7 authentic,S,70,del
B.1.1.7 authentic,S,144,del
B.1.1.7 authentic,S,501,Y
B.1.1.7 authentic,S,570,D
B.1.1.7 authentic,S,614,G
B.1.1.7 authentic,S,681,H
B.1.1.7 authentic,S,716,I
B.1.1.7 authentic,S,982,A
B.1.1.7 authentic,S,1118,H
B.1.1.7 S1,S,69,del
B.1.1.7 S1,S,70,del
B.1.1.7 S1,S,144,del
B.1.1.7 S1,S,501,Y
B.1.1.7 S1,S,570,D
B.1.1.7 S1,S,614,G
B.1.1.7 S1,S,681,H
B.1.1.7 Spike,S,69,del
B.1.1.7 Spike,S,70,del
B.1.1.7 Spike,S,144,del
B.1.1.7 Spike,S,501,Y
B.1.1.7 Spike,S,570,D
B.1.1.7 Spike,S,614,G
B.1.1.7 Spike,S,681,H
B.1.1.7 Spike,S,716,I
B.1.1.7 Spike,S,982,A
B.1.1.7 Spike,S,1118,H
B.1.1.7 Spike+S:484K,S,69,del
B.1.1.7 Spike+S:484K,S,70,del
B.1.1.7 Spike+S:484K,S,144,del
B.1.1.7 Spike+S:484K,S,484,K
B.1.1.7 Spike+S:484K,S,501,Y
B.1.1.7 Spike+S:484K,S,570,D
B.1.1.7 Spike+S:484K,S,614,G
B.1.1.7 Spike+S:484K,S,681,H
B.1.1.7 Spike+S:484K,S,716,I
B.1.1.7 Spike+S:484K,S,982,A
B.1.1.7 Spike+S:484K,S,1118,H
B.1.351 authentic,3CL,90,R
B.1.351 authentic,E,71,L
B.1.351 authentic,N,205,I
B.1.351 authentic,nsp13,588,I
B.1.351 authentic,nsp2,85,I
B.1.351 authentic,nsp4,26,Y
B.1.351 authentic,nsp4,137,L
B.1.351 authentic,ORF3a,57,H
B.1.351 authentic,ORF3a,171,L
B.1.351 authentic,PL,837,N
B.1.351 authentic,RdRP,135,Y
B.1.351 authentic,RdRP,323,L
B.1.351 authentic,S,18,F
B.1.351 authentic,S,80,A
B.1.351 authentic,S,215,G
B.1.351 authentic,S,242,del
B.1.351 authentic,S,243,del
B.1.351 authentic,S,244,del
B.1.351 authentic,S,246,I
B.1.351 authentic,S,417,N
B.1.351 authentic,S,484,K
B.1.351 authentic,S,501,Y
B.1.351 authentic,S,614,G
B.1.351 authentic,S,701,V
B.1.351 NTD,S,18,F
B.1.351 NTD,S,80,A
B.1.351 NTD,S,215,G
B.1.351 NTD,S,242,del
B.1.351 NTD,S,243,del
B.1.351 NTD,S,244,del
B.1.351 NTD,S,246,I
B.1.351 RBD,S,417,N
B.1.351 RBD,S,484,K
B.1.351 RBD,S,501,Y
B.1.351 RBD+S:614G,S,417,N
B.1.351 RBD+S:614G,S,484,K
B.1.351 RBD+S:614G,S,501,Y
B.1.351 RBD+S:614G,S,614,G
B.1.351 Spike,S,18,F
B.1.351 Spike,S,80,A
B.1.351 Spike,S,215,G
B.1.351 Spike,S,242,del
B.1.351 Spike,S,243,del
B.1.351 Spike,S,244,del
B.1.351 Spike,S,246,I
B.1.351 Spike,S,417,N
B.1.351 Spike,S,484,K
B.1.351 Spike,S,501,Y
B.1.351 Spike,S,614,G
B.1.351 Spike,S,701,V
B.1.351 Spike:-18F-215G,S,80,A
B.1.351 Spike:-18F-215G,S,242,del
B.1.351 Spike:-18F-215G,S,243,del
B.1.351 Spike:-18F-215G,S,244,del
B.1.351 Spike:-18F-215G,S,246,I
B.1.351 Spike:-18F-215G,S,417,N
B.1.351 Spike:-18F-215G,S,484,K
B.1.351 Spike:-18F-215G,S,501,Y
B.1.351 Spike:-18F-215G,S,614,G
B.1.351 Spike:-18F-215G,S,701,V
B.1.351 Spike:-18F-242del-243del-244del-246I,S,80,A
B.1.351 Spike:-18F-242del-243del-244del-246I,S,215,G
B.1.351 Spike:-18F-242del-243del-244del-246I,S,417,N
B.1.351 Spike:-18F-242del-243del-244del-246I,S,484,K
B.1.351 Spike:-18F-242del-243del-244del-246I,S,501,Y
B.1.351 Spike:-18F-242del-243del-244del-246I,S,614,G
B.1.351 Spike:-18F-242del-243del-244del-246I,S,701,V
B.1.351 Spike:-18F-246I,S,80,A
B.1.351 Spike:-18F-246I,S,215,G
B.1.351 Spike:-18F-246I,S,242,del
B.1.351 Spike:-18F-246I,S,243,del
B.1.351 Spike:-18F-246I,S,244,del
B.1.351 Spike:-18F-246I,S,417,N
B.1.351 Spike:-18F-246I,S,484,K
B.1.351 Spike:-18F-246I,S,501,Y
B.1.351 Spike:-18F-246I,S,614,G
B.1.351 Spike:-18F-246I,S,701,V
B.1.351 Spike:-246I,S,18,F
B.1.351 Spike:-246I,S,80,A
B.1.351 Spike:-246I,S,215,G
B.1.351 Spike:-246I,S,242,del
B.1.351 Spike:-246I,S,243,del
B.1.351 Spike:-246I,S,244,del
B.1.351 Spike:-246I,S,417,N
B.1.351 Spike:-246I,S,484,K
B.1.351 Spike:-246I,S,501,Y
B.1.351 Spike:-246I,S,614,G
B.1.351 Spike:-246I,S,701,V
B.1.427 authentic,nsp2,85,I
B.1.427 authentic,nsp4,395,T
B.1.427 authentic,RdRP,323,L
B.1.427 authentic,helicase,53,L
B.1.427 authentic,helicase,260,Y
B.1.427 authentic,S,13,I
B.1.427 authentic,S,152,C
B.1.427 authentic,S,452,R
B.1.427 authentic,S,614,G
B.1.427 authentic,ORF3a,57,H
B.1.427 authentic,N,205,I
B.1.429 authentic,nsp2,85,I
B.1.429 authentic,nsp9,64,V
B.1.429 authentic,RdRP,323,L
B.1.429 authentic,helicase,260,Y
B.1.429 authentic,S,13,I
B.1.429 authentic,S,152,C
B.1.429 authentic,S,452,R
B.1.429 authentic,S,614,G
B.1.429 authentic,ORF3a,57,H
B.1.429 authentic,N,205,I
B.1.429 Spike,S,13,I
B.1.429 Spike,S,152,C
B.1.429 Spike,S,452,R
B.1.429 Spike,S,614,G
B.1.526 Spike,S,5,F
B.1.526 Spike,S,95,I
B.1.526 Spike,S,253,G
B.1.526 Spike,S,477,N
B.1.526 Spike,S,484,K
B.1.526 Spike,S,614,G
B.1.526 Spike,S,701,V
B.1 clade G authentic,ORF1ab,1102,G
B.1 clade G authentic,ORF1ab,314,L
B.1 clade G authentic,S,215,H
B.1 clade G authentic,S,614,F
B.1 clade G authentic,S,640,F
B.1 clade G authentic,S,655,Y
B.1 clade G authentic,E,42,C
B.1 clade G authentic,M,3,G
B.1 clade G authentic,M,125,Y
Choi20-d152,S,141,del
Choi20-d152,S,142,del
Choi20-d152,S,143,del
Choi20-d152,S,144,del
Choi20-d152,S,183,H
Choi20-d152,S,478,K
Choi20-d152,S,484,A
Choi20-d152,S,486,I
Choi20-d152,S,494,P
Choi20-d152,S,501,Y
Choi20-d152,S,870,V
COH.20G/677H Spike,S,501,Y
COH.20G/677H Spike,S,614,G
COH.20G/677H Spike,S,677,H
Kemp21-d101,S,69,del
Kemp21-d101,S,70,del
Kemp21-d101,S,796,H
Khatamzas21-d154,S,144,del
Khatamzas21-d154,S,477,N
Khatamzas21-d154,S,484,K
Khatamzas21-d154,S,614,G
Mink Cluster 5 Spike,S,69,del
Mink Cluster 5 Spike,S,70,del
Mink Cluster 5 Spike,S,453,F
Mink Cluster 5 Spike,S,614,G
Mink Cluster 5 Spike,S,692,V
Mink Cluster 5 Spike,S,1147,L
Mink Cluster 5 Spike,S,1229,I
P.1 Spike,S,18,F
P.1 Spike,S,20,N
P.1 Spike,S,26,S
P.1 Spike,S,138,Y
P.1 Spike,S,190,S
P.1 Spike,S,417,T
P.1 Spike,S,484,K
P.1 Spike,S,501,Y
P.1 Spike,S,614,G
P.1 Spike,S,655,Y
P.1 Spike,S,1027,I
P.1 Spike,S,1176,F
P.1 authentic,PL,370,L
P.1 authentic,PL,977,Q
P.1 authentic,RdRP,323,L
P.1 authentic,nsp12,341,D
P.1 authentic,ORF3a,253,P
P.1 authentic,ORF8,92,K
P.1 authentic,N,80,R
P.1 authentic,N,203,K
P.1 authentic,ORF9b,77,E
P.1 authentic,S,18,F
P.1 authentic,S,20,N
P.1 authentic,S,26,S
P.1 authentic,S,138,Y
P.1 authentic,S,190,S
P.1 authentic,S,417,T
P.1 authentic,S,484,K
P.1 authentic,S,501,Y
P.1 authentic,S,614,G
P.1 authentic,S,655,Y
P.1 authentic,S,1027,I
P.1 authentic,S,1176,F
P.2 Spike,S,484,K
P.2 Spike,S,614,G
P.2 Spike,S,1176,F
P.2 authentic,3CL,205,V
P.2 authentic,nsp7,71,F
P.2 authentic,RdRP,323,L
P.2 authentic,S,484,K
P.2 authentic,S,614,G
P.2 authentic,S,1176,F
P.2 authentic,N,119,S
PT188_EM,S,140,del
PT188_EM,S,248,ins
PT188_EM,S,484,K
S:1098Q,S,1098,Q
S:1118H,S,1118,H
S:1124V,S,1124,V
S:1128F,S,1128,F
S:1134Q,S,1134,Q
S:1147L,S,1147,L
S:1158Q,S,1158,Q
S:1173Q,S,1173,Q
S:1194Q,S,1194,Q
S:1229I,S,1229,I
S:12P,S,12,P
S:136Y,S,136,Y
S:144del,S,144,del
S:145del,S,145,del
S:145del+408I,S,145,del
S:145del+408I,S,408,I
S:146Y,S,146,Y
S:147T,S,147,T
S:149H,S,149,H
S:149Q,S,149,Q
S:165Q,S,165,Q
S:17Q,S,17,Q
S:18F,S,18,F
S:20N,S,20,N
S:19A,S,19,A
S:26S,S,26,S
S:138Y,S,138,Y
S:190S,S,190,S
S:215G,S,215,G
S:222V,S,222,V
S:222V+614G,S,222,V
S:222V+614G,S,614,G
S:234Q,S,234,Q
S:239K+614G,S,239,K
S:239K+614G,S,614,G
S:242del+243del+244del,S,242,del
S:242del+243del+244del,S,243,del
S:242del+243del+244del,S,244,del
S:242del+243del+244del+614G,S,242,del
S:242del+243del+244del+614G,S,243,del
S:242del+243del+244del+614G,S,244,del
S:242del+243del+244del+614G,S,614,G
S:246A,S,246,A
S:246I,S,246,I
S:253G,S,253,G
S:253Y,S,253,Y
S:282Q,S,282,Q
S:261D+453F,S,261,D
S:261D+453F,S,453,F
S:321L,S,321,L
S:321L+614G,S,321,L
S:321L+614G,S,614,G
S:324G+325D,S,324,G
S:324G+325D,S,325,D
S:331Q,S,331,Q
S:334K+614G,S,334,K
S:334K+614G,S,614,G
S:335F,S,335,F
S:337H+614G,S,337,H
S:337H+614G,S,614,G
S:337L+614G,S,337,L
S:337L+614G,S,614,G
S:337R+614G,S,337,R
S:337R+614G,S,614,G
S:337S+614G,S,337,S
S:337S+614G,S,614,G
S:337T+614G,S,337,T
S:337T+614G,S,614,G
S:338L,S,338,L
S:339D+614G,S,339,D
S:339D+614G,S,614,G
S:340A,S,340,A
S:340K,S,340,K
S:340G+614G,S,340,G
S:340G+614G,S,614,G
S:341I,S,341,I
S:341I+614G,S,341,I
S:341I+614G,S,614,G
S:344S,S,344,S
S:345A,S,345,A
S:345A+517R,S,345,A
S:345A+517R,S,517,R
S:345N,S,345,N
S:345S,S,345,S
S:346G,S,346,G
S:346K+614G,S,346,K
S:346K+614G,S,614,G
S:346K,S,346,K
S:346S,S,346,S
S:348T,S,348,T
S:352D,S,352,D
S:354D,S,354,D
S:354D+364Y,S,354,D
S:354D+364Y,S,364,Y
S:354K,S,354,K
S:354K+95I,S,354,K
S:354K+95I,S,95,I
S:354S+614G,S,354,S
S:354S+614G,S,614,G
S:359N,S,359,N
S:367F,S,367,F
S:367F+614G,S,367,F
S:367F+614G,S,614,G
S:373F,S,373,F
S:378N,S,378,N
S:378R,S,378,R
S:384A,S,384,A
S:384L,S,384,L
S:392A,S,392,A
S:406W,S,406,W
S:408I,S,408,I
S:409E,S,409,E
S:414E,S,414,E
S:417E,S,417,E
S:417N,S,417,N
S:417N+484K+501Y,S,417,N
S:417N+484K+501Y,S,484,K
S:417N+484K+501Y,S,501,Y
S:417N+484K+501Y+614G,S,417,N
S:417N+484K+501Y+614G,S,484,K
S:417N+484K+501Y+614G,S,501,Y
S:417N+484K+501Y+614G,S,614,G
S:417N+484K+501Y+683G,S,417,N
S:417N+484K+501Y+683G,S,484,K
S:417N+484K+501Y+683G,S,501,Y
S:417N+484K+501Y+683G,S,683,G
S:417N+614G,S,417,N
S:417N+614G,S,614,G
S:417T,S,417,T
S:417V,S,417,V
S:417V+614G,S,417,V
S:417V+614G,S,614,G
S:420R,S,420,R
S:435S,S,435,S
S:435S+614G,S,435,S
S:435S+614G,S,614,G
S:436R,S,436,R
S:439K,S,439,K
S:439K+614G,S,439,K
S:439K+614G,S,614,G
S:439K+614G+1121L,S,439,K
S:439K+614G+1121L,S,614,G
S:439K+614G+1121L,S,1121,L
S:439R,S,439,R
S:440A,S,440,A
S:440D,S,440,D
S:440K,S,440,K
S:N440K+614G,S,440,K
S:N440K+614G,S,614,G
S:441R,S,441,R
S:444A,S,444,A
S:444A+614G,S,444,A
S:444A+614G,S,614,G
S:444E,S,444,E
S:444N,S,444,N
S:444Q,S,444,Q
S:444R,S,444,R
S:444T,S,444,T
S:444T+445S+446T,S,444,T
S:444T+445S+446T,S,445,S
S:444T+445S+446T,S,446,T
S:445A,S,445,A
S:445A+614G,S,445,A
S:445A+614G,S,614,G
S:445E,S,445,E
S:445G,S,445,G
S:445I,S,445,I
S:445K,S,445,K
S:445L,S,445,L
S:446D,S,446,D
S:446P+456V+484P,S,446,P
S:446P+456V+484P,S,456,V
S:446P+456V+484P,S,484,P
S:446S,S,446,S
S:446V,S,446,V
S:446V+614G,S,446,V
S:446V+614G,S,614,G
S:449N+614G,S,449,N
S:449N+614G,S,614,G
S:450D,S,450,D
S:450K,S,450,K
S:450Y,S,450,Y
S:452K,S,452,K
S:452R,S,452,R
S:453F,S,453,F
S:453F+498H,S,453,F
S:453F+498H,S,498,H
S:453F+614G,S,453,F
S:453F+614G,S,614,G
S:455F,S,455,F
S:455F+614G,S,455,F
S:455F+614G,S,614,G
S:455I,S,455,I
S:455R,S,455,R
S:455Y+456L,S,455,Y
S:455Y+456L,S,456,L
S:456A,S,456,A
S:456K,S,456,K
S:456V,S,456,V
S:456R,S,456,R
S:458N,S,458,N
S:458R,S,458,R
S:458R+614G,S,458,R
S:458R+614G,S,614,G
S:460T,S,460,T
S:468F,S,468,F
S:468T,S,468,T
S:470N+471V+472P,S,470,N
S:470N+471V+472P,S,471,V
S:470N+471V+472P,S,472,P
S:472V,S,472,V
S:472V+614G,S,472,V
S:472V+614G,S,614,G
S:475D,S,475,D
S:475V,S,475,V
S:475R,S,475,R
S:475V+261D,S,261,D
S:475V+261D,S,475,V
S:475V+614G,S,475,V
S:475V+614G,S,614,G
S:476A,S,476,A
S:476S,S,476,S
S:477G,S,477,G
S:477N,S,477,N
S:477N+514F,S,477,N
S:477N+514F,S,514,F
S:477N+614G,S,477,N
S:477N+614G,S,614,G
S:477R,S,477,R
S:478I,S,478,I
S:479S,S,479,S
S:479S+614G,S,479,S
S:479S+614G,S,614,G
S:483A,S,483,A
S:483F,S,483,F
S:483I,S,483,I
S:483K,S,483,K
S:484A,S,484,A
S:484D,S,484,D
S:484G,S,484,G
S:484K,S,484,K
S:484K+501Y,S,484,K
S:484K+501Y,S,501,Y
S:484K+614G,S,484,K
S:484K+614G,S,614,G
S:484K+683G,S,484,K
S:484K+683G,S,683,G
S:484P,S,484,P
S:484Q,S,484,Q
S:484V,S,484,V
S:485D,S,485,D
S:485R,S,485,R
S:485R+614G,S,485,R
S:485R+614G,S,614,G
S:486A,S,486,A
S:486K,S,486,K
S:486L,S,486,L
S:486S,S,486,S
S:486V,S,486,V
S:486R,S,486,R
S:486Y,S,486,Y
S:487R,S,487,R
S:489H,S,489,H
S:490K,S,490,K
S:490L,S,490,L
S:490L+614G+779H,S,490,L
S:490L+614G+779H,S,614,G
S:490L+614G+779H,S,779,H
S:490S,S,490,S
S:490S+614G,S,490,S
S:490S+614G,S,614,G
S:493K,S,493,K
S:493L,S,493,L
S:493R,S,493,R
S:494D,S,494,D
S:494P+614G,S,494,P
S:494P+614G,S,614,G
S:494P,S,494,P
S:494R,S,494,R
S:499L,S,499,L
S:49Y,S,49,Y
S:501Y,S,501,Y
S:501Y+614G,S,501,Y
S:501Y+614G,S,614,G
S:503F,S,503,F
S:508H,S,508,H
S:514F+477N,S,477,N
S:514F+477N,S,514,F
S:517R+345A,S,345,A
S:517R+345A,S,517,R
S:519P,S,519,P
S:519P+614G,S,519,P
S:519P+614G,S,614,G
S:519Q,S,519,Q
S:520S,S,520,S
S:522S,S,522,S
S:522V,S,522,V
S:537R,S,537,R
S:570D,S,570,D
S:583D,S,583,D
S:5F,S,5,F
S:5F+614G,S,5,F
S:5F+614G,S,614,G
S:603Q,S,603,Q
S:614G,S,614,G
S:614G+1229I,S,614,G
S:614G+1229I,S,1229,I
S:614G+1237I,S,614,G
S:614G+1237I,S,1237,I
S:614G+1263L,S,614,G
S:614G+1263L,S,1263,L
S:614G+831V,S,614,G
S:614G+831V,S,831,V
S:614G+845S,S,614,G
S:614G+845S,S,845,S
S:614G+879S,S,614,G
S:614G+879S,S,879,S
S:614G+936Y,S,614,G
S:614G+936Y,S,936,Y
S:614G+939F,S,614,G
S:614G+939F,S,939,F
S:614G+943T,S,614,G
S:614G+943T,S,943,T
S:615L,S,615,L
S:616Q,S,616,Q
S:61Q,S,61,Q
S:655Y,S,655,Y
S:657Q,S,657,Q
S:681H,S,681,H
S:682W,S,682,W
S:683G,S,683,G
S:69del,S,69,del
S:69del+70del,S,69,del
S:69del+70del,S,70,del
S:69del+70del+439K,S,69,del
S:69del+70del+439K,S,70,del
S:69del+70del+439K,S,439,K
S:69del+70del+453F,S,69,del
S:69del+70del+453F,S,70,del
S:69del+70del+453F,S,453,F
S:69del+70del+453F+486L+501T+1229I,S,69,del
S:69del+70del+453F+486L+501T+1229I,S,70,del
S:69del+70del+453F+486L+501T+1229I,S,453,F
S:69del+70del+453F+486L+501T+1229I,S,486,L
S:69del+70del+453F+486L+501T+1229I,S,501,T
S:69del+70del+453F+486L+501T+1229I,S,1229,I
S:69del+70del+501Y,S,69,del
S:69del+70del+501Y,S,70,del
S:69del+70del+501Y,S,501,Y
S:69del+70del+501Y+570D,S,69,del
S:69del+70del+501Y+570D,S,70,del
S:69del+70del+501Y+570D,S,501,Y
S:69del+70del+501Y+570D,S,570,D
S:69del+70del+501Y+614G+681H,S,69,del
S:69del+70del+501Y+614G+681H,S,70,del
S:69del+70del+501Y+614G+681H,S,501,Y
S:69del+70del+501Y+614G+681H,S,614,G
S:69del+70del+501Y+614G+681H,S,681,H
S:69del+70del+501Y+681H,S,69,del
S:69del+70del+501Y+681H,S,70,del
S:69del+70del+501Y+681H,S,501,Y
S:69del+70del+501Y+681H,S,681,H
S:69del+70del+796H,S,69,del
S:69del+70del+796H,S,70,del
S:69del+70del+796H,S,796,H
S:69del+70del+614G,S,69,del
S:69del+70del+614G,S,70,del
S:69del+70del+614G,S,614,G
S:69del+70del+501Y+614G,S,69,del
S:69del+70del+501Y+614G,S,70,del
S:69del+70del+501Y+614G,S,501,Y
S:69del+70del+501Y+614G,S,614,G
S:692V,S,692,V
S:701V,S,701,V
S:709Q,S,709,Q
S:716I,S,716,I
S:74K,S,74,K
S:74Q,S,74,Q
S:796H,S,796,H
S:80A,S,80,A
S:80A+215G+484K+501Y+701V,S,80,A
S:80A+215G+484K+501Y+701V,S,215,G
S:80A+215G+484K+501Y+701V,S,484,K
S:80A+215G+484K+501Y+701V,S,501,Y
S:80A+215G+484K+501Y+701V,S,701,V
S:831V,S,831,V
S:839E,S,839,E
S:8V,S,8,V
S:8W,S,8,W
S:936Y,S,936,Y
S:936Y+614G,S,614,G
S:936Y+614G,S,936,Y
S:943R,S,943,R
S:943T,S,943,T
S:982A,S,982,A
S:1163Y,S,1163,Y
SARS-CoV Spike,S,3,I
SARS-CoV Spike,S,6,L
SARS-CoV Spike,S,7,F
SARS-CoV Spike,S,9,T
SARS-CoV Spike,S,11,T
SARS-CoV Spike,S,12,ins
SARS-CoV Spike,S,14,D
SARS-CoV Spike,S,15,L
SARS-CoV Spike,S,16,D
SARS-CoV Spike,S,17,R
SARS-CoV Spike,S,18,C
SARS-CoV Spike,S,21,F
SARS-CoV Spike,S,22,D
SARS-CoV Spike,S,23,D
SARS-CoV Spike,S,24,V
SARS-CoV Spike,S,25,ins
SARS-CoV Spike,S,27,N
SARS-CoV Spike,S,30,ins
SARS-CoV Spike,S,32,S
SARS-CoV Spike,S,33,M
SARS-CoV Spike,S,41,E
SARS-CoV Spike,S,42,I
SARS-CoV Spike,S,46,D
SARS-CoV Spike,S,47,T
SARS-CoV Spike,S,49,Y
SARS-CoV Spike,S,50,L
SARS-CoV Spike,S,59,Y
SARS-CoV Spike,S,64,G
SARS-CoV Spike,S,67,T
SARS-CoV Spike,S,69,N
SARS-CoV Spike,S,70,H
SARS-CoV Spike,S,71,T
SARS-CoV Spike,S,72,del
SARS-CoV Spike,S,73,del
SARS-CoV Spike,S,74,del
SARS-CoV Spike,S,75,del
SARS-CoV Spike,S,76,del
SARS-CoV Spike,S,77,del
SARS-CoV Spike,S,78,del
SARS-CoV Spike,S,80,G
SARS-CoV Spike,S,84,I
SARS-CoV Spike,S,87,K
SARS-CoV Spike,S,90,I
SARS-CoV Spike,S,94,A
SARS-CoV Spike,S,100,V
SARS-CoV Spike,S,101,V
SARS-CoV Spike,S,105,V
SARS-CoV Spike,S,108,S
SARS-CoV Spike,S,110,M
SARS-CoV Spike,S,111,N
SARS-CoV Spike,S,112,N
SARS-CoV Spike,S,114,S
SARS-CoV Spike,S,117,V
SARS-CoV Spike,S,118,I
SARS-CoV Spike,S,120,I
SARS-CoV Spike,S,123,S
SARS-CoV Spike,S,129,R
SARS-CoV Spike,S,130,A
SARS-CoV Spike,S,132,N
SARS-CoV Spike,S,134,E
SARS-CoV Spike,S,135,L
SARS-CoV Spike,S,137,D
SARS-CoV Spike,S,138,N
SARS-CoV Spike,S,141,F
SARS-CoV Spike,S,142,A
SARS-CoV Spike,S,144,S
SARS-CoV Spike,S,145,K
SARS-CoV Spike,S,146,P
SARS-CoV Spike,S,147,del
SARS-CoV Spike,S,148,M
SARS-CoV Spike,S,149,G
SARS-CoV Spike,S,150,del
SARS-CoV Spike,S,151,del
SARS-CoV Spike,S,152,del
SARS-CoV Spike,S,153,T
SARS-CoV Spike,S,154,Q
SARS-CoV Spike,S,155,T
SARS-CoV Spike,S,156,H
SARS-CoV Spike,S,157,T
SARS-CoV Spike,S,158,M
SARS-CoV Spike,S,159,I
SARS-CoV Spike,S,160,F
SARS-CoV Spike,S,161,D
SARS-CoV Spike,S,162,N
SARS-CoV Spike,S,164,F
SARS-CoV Spike,S,171,I
SARS-CoV Spike,S,173,D
SARS-CoV Spike,S,174,A
SARS-CoV Spike,S,176,S
SARS-CoV Spike,S,177,L
SARS-CoV Spike,S,179,V
SARS-CoV Spike,S,180,S
SARS-CoV Spike,S,181,E
SARS-CoV Spike,S,183,S
SARS-CoV Spike,S,188,H
SARS-CoV Spike,S,197,K
SARS-CoV Spike,S,200,F
SARS-CoV Spike,S,201,L
SARS-CoV Spike,S,202,Y
SARS-CoV Spike,S,203,V
SARS-CoV Spike,S,205,K
SARS-CoV Spike,S,206,G
SARS-CoV Spike,S,207,Y
SARS-CoV Spike,S,208,Q
SARS-CoV Spike,S,211,D
SARS-CoV Spike,S,212,V
SARS-CoV Spike,S,218,S
SARS-CoV Spike,S,221,N
SARS-CoV Spike,S,222,T
SARS-CoV Spike,S,224,K
SARS-CoV Spike,S,226,I
SARS-CoV Spike,S,227,F
SARS-CoV Spike,S,228,K
SARS-CoV Spike,S,231,L
SARS-CoV Spike,S,237,N
SARS-CoV Spike,S,239,R
SARS-CoV Spike,S,240,A
SARS-CoV Spike,S,241,I
SARS-CoV Spike,S,243,T
SARS-CoV Spike,S,244,A
SARS-CoV Spike,S,245,del
SARS-CoV Spike,S,246,del
SARS-CoV Spike,S,247,F
SARS-CoV Spike,S,248,S
SARS-CoV Spike,S,249,P
SARS-CoV Spike,S,250,A
SARS-CoV Spike,S,251,Q
SARS-CoV Spike,S,252,D
SARS-CoV Spike,S,253,I
SARS-CoV Spike,S,254,del
SARS-CoV Spike,S,255,del
SARS-CoV Spike,S,256,del
SARS-CoV Spike,S,257,del
SARS-CoV Spike,S,259,G
SARS-CoV Spike,S,260,T
SARS-CoV Spike,S,261,S
SARS-CoV Spike,S,266,F
SARS-CoV Spike,S,271,K
SARS-CoV Spike,S,273,T
SARS-CoV Spike,S,276,M
SARS-CoV Spike,S,280,D
SARS-CoV Spike,S,292,S
SARS-CoV Spike,S,293,Q
SARS-CoV Spike,S,294,N
SARS-CoV Spike,S,297,A
SARS-CoV Spike,S,299,L
SARS-CoV Spike,S,302,S
SARS-CoV Spike,S,303,V
SARS-CoV Spike,S,307,E
SARS-CoV Spike,S,308,I
SARS-CoV Spike,S,309,D
SARS-CoV Spike,S,321,V
SARS-CoV Spike,S,323,S
SARS-CoV Spike,S,324,G
SARS-CoV Spike,S,325,D
SARS-CoV Spike,S,326,V
SARS-CoV Spike,S,346,K
SARS-CoV Spike,S,348,P
SARS-CoV Spike,S,354,E
SARS-CoV Spike,S,357,K
SARS-CoV Spike,S,372,T
SARS-CoV Spike,S,373,F
SARS-CoV Spike,S,384,A
SARS-CoV Spike,S,393,S
SARS-CoV Spike,S,402,V
SARS-CoV Spike,S,403,K
SARS-CoV Spike,S,406,D
SARS-CoV Spike,S,417,V
SARS-CoV Spike,S,430,M
SARS-CoV Spike,S,434,L
SARS-CoV Spike,S,438,T
SARS-CoV Spike,S,439,R
SARS-CoV Spike,S,441,I
SARS-CoV Spike,S,443,A
SARS-CoV Spike,S,444,T
SARS-CoV Spike,S,445,S
SARS-CoV Spike,S,446,T
SARS-CoV Spike,S,452,K
SARS-CoV Spike,S,455,Y
SARS-CoV Spike,S,456,L
SARS-CoV Spike,S,458,H
SARS-CoV Spike,S,459,G
SARS-CoV Spike,S,460,K
SARS-CoV Spike,S,462,R
SARS-CoV Spike,S,470,N
SARS-CoV Spike,S,471,V
SARS-CoV Spike,S,472,P
SARS-CoV Spike,S,473,F
SARS-CoV Spike,S,474,S
SARS-CoV Spike,S,475,P
SARS-CoV Spike,S,476,D
SARS-CoV Spike,S,477,G
SARS-CoV Spike,S,478,K
SARS-CoV Spike,S,481,T
SARS-CoV Spike,S,482,P
SARS-CoV Spike,S,483,del
SARS-CoV Spike,S,484,P
SARS-CoV Spike,S,485,A
SARS-CoV Spike,S,486,L
SARS-CoV Spike,S,490,W
SARS-CoV Spike,S,493,N
SARS-CoV Spike,S,494,D
SARS-CoV Spike,S,498,Y
SARS-CoV Spike,S,499,T
SARS-CoV Spike,S,501,T
SARS-CoV Spike,S,503,I
SARS-CoV Spike,S,519,N
SARS-CoV Spike,S,529,L
SARS-CoV Spike,S,532,D
SARS-CoV Spike,S,534,I
SARS-CoV Spike,S,537,Q
SARS-CoV Spike,S,554,P
SARS-CoV Spike,S,556,S
SARS-CoV Spike,S,558,R
SARS-CoV Spike,S,560,Q
SARS-CoV Spike,S,569,V
SARS-CoV Spike,S,570,S
SARS-CoV Spike,S,572,F
SARS-CoV Spike,S,575,S
SARS-CoV Spike,S,580,K
SARS-CoV Spike,S,582,S
SARS-CoV Spike,S,588,S
SARS-CoV Spike,S,591,A
SARS-CoV Spike,S,604,A
SARS-CoV Spike,S,606,S
SARS-CoV Spike,S,607,E
SARS-CoV Spike,S,619,D
SARS-CoV Spike,S,621,S
SARS-CoV Spike,S,622,T
SARS-CoV Spike,S,632,A
SARS-CoV Spike,S,635,I
SARS-CoV Spike,S,640,N
SARS-CoV Spike,S,646,Q
SARS-CoV Spike,S,657,D
SARS-CoV Spike,S,658,T
SARS-CoV Spike,S,675,H
SARS-CoV Spike,S,677,V
SARS-CoV Spike,S,678,S
SARS-CoV Spike,S,679,L
SARS-CoV Spike,S,680,L
SARS-CoV Spike,S,681,del
SARS-CoV Spike,S,682,del
SARS-CoV Spike,S,683,del
SARS-CoV Spike,S,684,del
SARS-CoV Spike,S,687,T
SARS-CoV Spike,S,688,S
SARS-CoV Spike,S,689,Q
SARS-CoV Spike,S,690,K
SARS-CoV Spike,S,693,V
SARS-CoV Spike,S,702,D
SARS-CoV Spike,S,703,S
SARS-CoV Spike,S,705,I
SARS-CoV Spike,S,711,T
SARS-CoV Spike,S,719,S
SARS-CoV Spike,S,722,I
SARS-CoV Spike,S,726,V
SARS-CoV Spike,S,727,M
SARS-CoV Spike,S,732,A
SARS-CoV Spike,S,739,N
SARS-CoV Spike,S,750,A
SARS-CoV Spike,S,768,S
SARS-CoV Spike,S,772,A
SARS-CoV Spike,S,776,R
SARS-CoV Spike,S,779,R
SARS-CoV Spike,S,788,M
SARS-CoV Spike,S,793,T
SARS-CoV Spike,S,794,L
SARS-CoV Spike,S,796,Y
SARS-CoV Spike,S,810,L
SARS-CoV Spike,S,813,T
SARS-CoV Spike,S,834,M
SARS-CoV Spike,S,839,E
SARS-CoV Spike,S,845,N
SARS-CoV Spike,S,868,D
SARS-CoV Spike,S,872,A
SARS-CoV Spike,S,875,A
SARS-CoV Spike,S,878,V
SARS-CoV Spike,S,879,S
SARS-CoV Spike,S,882,A
SARS-CoV Spike,S,884,A
SARS-CoV Spike,S,922,Q
SARS-CoV Spike,S,929,K
SARS-CoV Spike,S,932,S
SARS-CoV Spike,S,933,Q
SARS-CoV Spike,S,936,E
SARS-CoV Spike,S,939,T
SARS-CoV Spike,S,940,T
SARS-CoV Spike,S,942,S
SARS-CoV Spike,S,943,T
SARS-CoV Spike,S,1055,A
SARS-CoV Spike,S,1070,S
SARS-CoV Spike,S,1073,R
SARS-CoV Spike,S,1084,E
SARS-CoV Spike,S,1088,Y
SARS-CoV Spike,S,1097,F
SARS-CoV Spike,S,1101,S
SARS-CoV Spike,S,1104,I
SARS-CoV Spike,S,1110,F
SARS-CoV Spike,S,1111,S
SARS-CoV Spike,S,1133,I
SARS-CoV Spike,S,1216,V
SARS-CoV Spike,S,1233,L
SARS-CoV Spike,S,1247,A
SPE-RII-30769S,S,50,L
SPE-RII-30769S,S,69,del
SPE-RII-30769S,S,70,del
SPE-RII-30769S,S,141,del
SPE-RII-30769S,S,142,del
SPE-RII-30769S,S,143,del
SPE-RII-30769S,S,144,del
SPE-RII-30769S,S,453,F
SPE-RII-30769S,S,470,N
SPE-RII-30769S,S,614,G
SPE-RII-30769S,S,737,G
WA-RML/d105,S,483,A
WA-RML/d49,S,139,del
WA-RML/d49,S,140,del
WA-RML/d49,S,141,del
WA-RML/d49,S,142,del
WA-RML/d49,S,143,del
WA-RML/d49,S,144,del
WA-RML/d49,S,145,del
WA-RML/d49,S,483,A
WA-RML/d70,S,141,del
WA-RML/d70,S,142,del
WA-RML/d70,S,143,del
WA-RML/d70,S,483,A
WA-RML/d70,S,685,Q
WA-RML/d85,S,483,A
WIV1 Spike,S,1,K
WIV1 Spike,S,2,L
WIV1 Spike,S,3,L
WIV1 Spike,S,4,V
WIV1 Spike,S,7,F
WIV1 Spike,S,8,A
WIV1 Spike,S,9,T
WIV1 Spike,S,12,ins
WIV1 Spike,S,13,Y
WIV1 Spike,S,14,T
WIV1 Spike,S,15,I
WIV1 Spike,S,16,E
WIV1 Spike,S,17,K
WIV1 Spike,S,18,C
WIV1 Spike,S,19,L
WIV1 Spike,S,20,D
WIV1 Spike,S,21,F
WIV1 Spike,S,22,D
WIV1 Spike,S,23,D
WIV1 Spike,S,24,R
WIV1 Spike,S,25,ins
WIV1 Spike,S,28,N
WIV1 Spike,S,30,ins
WIV1 Spike,S,32,S
WIV1 Spike,S,33,H
WIV1 Spike,S,41,D
WIV1 Spike,S,42,I
WIV1 Spike,S,46,N
WIV1 Spike,S,50,L
WIV1 Spike,S,51,V
WIV1 Spike,S,54,H
WIV1 Spike,S,59,D
WIV1 Spike,S,64,R
WIV1 Spike,S,66,I
WIV1 Spike,S,67,T
WIV1 Spike,S,68,F
WIV1 Spike,S,69,G
WIV1 Spike,S,70,L
WIV1 Spike,S,71,N
WIV1 Spike,S,72,del
WIV1 Spike,S,73,del
WIV1 Spike,S,74,del
WIV1 Spike,S,75,del
WIV1 Spike,S,76,del
WIV1 Spike,S,77,del
WIV1 Spike,S,78,del
WIV1 Spike,S,83,I
WIV1 Spike,S,84,I
WIV1 Spike,S,87,K
WIV1 Spike,S,90,I
WIV1 Spike,S,94,A
WIV1 Spike,S,100,V
WIV1 Spike,S,105,V
WIV1 Spike,S,108,S
WIV1 Spike,S,110,M
WIV1 Spike,S,111,N
WIV1 Spike,S,112,N
WIV1 Spike,S,114,S
WIV1 Spike,S,117,V
WIV1 Spike,S,118,I
WIV1 Spike,S,120,M
WIV1 Spike,S,123,S
WIV1 Spike,S,126,L
WIV1 Spike,S,129,R
WIV1 Spike,S,130,A
WIV1 Spike,S,132,N
WIV1 Spike,S,134,E
WIV1 Spike,S,135,L
WIV1 Spike,S,137,D
WIV1 Spike,S,138,N
WIV1 Spike,S,141,F
WIV1 Spike,S,142,V
WIV1 Spike,S,144,L
WIV1 Spike,S,145,K
WIV1 Spike,S,146,S
WIV1 Spike,S,147,del
WIV1 Spike,S,150,del
WIV1 Spike,S,151,del
WIV1 Spike,S,152,del
WIV1 Spike,S,153,T
WIV1 Spike,S,154,Q
WIV1 Spike,S,155,I
WIV1 Spike,S,156,P
WIV1 Spike,S,157,S
WIV1 Spike,S,158,Y
WIV1 Spike,S,159,I
WIV1 Spike,S,160,F
WIV1 Spike,S,161,N
WIV1 Spike,S,162,N
WIV1 Spike,S,164,F
WIV1 Spike,S,173,K
WIV1 Spike,S,174,D
WIV1 Spike,S,176,N
WIV1 Spike,S,177,L
WIV1 Spike,S,180,G
WIV1 Spike,S,181,E
WIV1 Spike,S,183,P
WIV1 Spike,S,188,D
WIV1 Spike,S,195,R
WIV1 Spike,S,197,K
WIV1 Spike,S,200,F
WIV1 Spike,S,201,L
WIV1 Spike,S,202,H
WIV1 Spike,S,203,V
WIV1 Spike,S,206,G
WIV1 Spike,S,207,Y
WIV1 Spike,S,208,Q
WIV1 Spike,S,211,S
WIV1 Spike,S,212,A
WIV1 Spike,S,213,A
WIV1 Spike,S,214,S
WIV1 Spike,S,215,G
WIV1 Spike,S,218,T
WIV1 Spike,S,221,N
WIV1 Spike,S,224,K
WIV1 Spike,S,226,I
WIV1 Spike,S,227,F
WIV1 Spike,S,228,K
WIV1 Spike,S,231,L
WIV1 Spike,S,237,N
WIV1 Spike,S,239,R
WIV1 Spike,S,243,T
WIV1 Spike,S,244,A
WIV1 Spike,S,245,del
WIV1 Spike,S,246,del
WIV1 Spike,S,247,F
WIV1 Spike,S,248,P
WIV1 Spike,S,249,P
WIV1 Spike,S,250,R
WIV1 Spike,S,252,D
WIV1 Spike,S,253,Y
WIV1 Spike,S,254,del
WIV1 Spike,S,255,del
WIV1 Spike,S,256,del
WIV1 Spike,S,257,del
WIV1 Spike,S,259,G
WIV1 Spike,S,260,T
WIV1 Spike,S,261,S
WIV1 Spike,S,266,F
WIV1 Spike,S,271,K
WIV1 Spike,S,273,T
WIV1 Spike,S,276,M
WIV1 Spike,S,280,D
WIV1 Spike,S,292,S
WIV1 Spike,S,293,Q
WIV1 Spike,S,294,N
WIV1 Spike,S,297,A
WIV1 Spike,S,299,L
WIV1 Spike,S,302,S
WIV1 Spike,S,303,V
WIV1 Spike,S,307,E
WIV1 Spike,S,308,I
WIV1 Spike,S,309,D
WIV1 Spike,S,321,A
WIV1 Spike,S,323,S
WIV1 Spike,S,324,K
WIV1 Spike,S,325,E
WIV1 Spike,S,326,V
WIV1 Spike,S,346,T
WIV1 Spike,S,348,P
WIV1 Spike,S,354,E
WIV1 Spike,S,372,T
WIV1 Spike,S,384,A
WIV1 Spike,S,393,S
WIV1 Spike,S,402,V
WIV1 Spike,S,403,K
WIV1 Spike,S,406,D
WIV1 Spike,S,417,V
WIV1 Spike,S,434,L
WIV1 Spike,S,438,T
WIV1 Spike,S,439,R
WIV1 Spike,S,441,I
WIV1 Spike,S,443,A
WIV1 Spike,S,444,T
WIV1 Spike,S,445,Q
WIV1 Spike,S,446,T
WIV1 Spike,S,452,K
WIV1 Spike,S,455,S
WIV1 Spike,S,456,L
WIV1 Spike,S,458,H
WIV1 Spike,S,459,G
WIV1 Spike,S,460,K
WIV1 Spike,S,462,R
WIV1 Spike,S,470,N
WIV1 Spike,S,471,V
WIV1 Spike,S,472,P
WIV1 Spike,S,473,F
WIV1 Spike,S,474,S
WIV1 Spike,S,475,P
WIV1 Spike,S,476,D
WIV1 Spike,S,477,G
WIV1 Spike,S,478,K
WIV1 Spike,S,481,T
WIV1 Spike,S,482,P
WIV1 Spike,S,483,del
WIV1 Spike,S,484,P
WIV1 Spike,S,485,A
WIV1 Spike,S,490,W
WIV1 Spike,S,493,N
WIV1 Spike,S,494,D
WIV1 Spike,S,498,Y
WIV1 Spike,S,499,I
WIV1 Spike,S,503,I
WIV1 Spike,S,519,N
WIV1 Spike,S,529,L
WIV1 Spike,S,532,D
WIV1 Spike,S,534,I
WIV1 Spike,S,537,Q
WIV1 Spike,S,554,P
WIV1 Spike,S,556,S
WIV1 Spike,S,558,R
WIV1 Spike,S,560,Q
WIV1 Spike,S,569,V
WIV1 Spike,S,570,S
WIV1 Spike,S,572,F
WIV1 Spike,S,575,S
WIV1 Spike,S,580,K
WIV1 Spike,S,582,S
WIV1 Spike,S,588,S
WIV1 Spike,S,606,S
WIV1 Spike,S,607,E
WIV1 Spike,S,619,D
WIV1 Spike,S,632,S
WIV1 Spike,S,636,H
WIV1 Spike,S,640,N
WIV1 Spike,S,646,Q
WIV1 Spike,S,657,D
WIV1 Spike,S,658,T
WIV1 Spike,S,675,H
WIV1 Spike,S,677,V
WIV1 Spike,S,678,S
WIV1 Spike,S,679,S
WIV1 Spike,S,680,L
WIV1 Spike,S,681,del
WIV1 Spike,S,682,del
WIV1 Spike,S,683,del
WIV1 Spike,S,684,del
WIV1 Spike,S,687,T
WIV1 Spike,S,688,S
WIV1 Spike,S,689,Q
WIV1 Spike,S,690,K
WIV1 Spike,S,693,V
WIV1 Spike,S,702,D
WIV1 Spike,S,703,S
WIV1 Spike,S,705,I
WIV1 Spike,S,711,T
WIV1 Spike,S,719,S
WIV1 Spike,S,722,I
WIV1 Spike,S,726,V
WIV1 Spike,S,727,M
WIV1 Spike,S,732,A
WIV1 Spike,S,739,N
WIV1 Spike,S,750,A
WIV1 Spike,S,768,S
WIV1 Spike,S,776,R
WIV1 Spike,S,779,R
WIV1 Spike,S,788,M
WIV1 Spike,S,793,T
WIV1 Spike,S,794,L
WIV1 Spike,S,810,L
WIV1 Spike,S,813,T
WIV1 Spike,S,834,M
WIV1 Spike,S,839,E
WIV1 Spike,S,845,N
WIV1 Spike,S,868,D
WIV1 Spike,S,872,A
WIV1 Spike,S,875,A
WIV1 Spike,S,878,V
WIV1 Spike,S,879,S
WIV1 Spike,S,882,A
WIV1 Spike,S,884,A
WIV1 Spike,S,922,Q
WIV1 Spike,S,929,K
WIV1 Spike,S,932,S
WIV1 Spike,S,933,Q
WIV1 Spike,S,936,E
WIV1 Spike,S,939,T
WIV1 Spike,S,940,T
WIV1 Spike,S,942,S
WIV1 Spike,S,943,T
WIV1 Spike,S,1055,A
WIV1 Spike,S,1070,S
WIV1 Spike,S,1073,R
WIV1 Spike,S,1084,E
WIV1 Spike,S,1088,Y
WIV1 Spike,S,1097,F
WIV1 Spike,S,1101,S
WIV1 Spike,S,1104,I
WIV1 Spike,S,1110,F
WIV1 Spike,S,1111,S
WIV1 Spike,S,1125,S
WIV1 Spike,S,1133,I
WIV1 Spike,S,1216,V
WIV1 Spike,S,1233,L
WIV1 Spike,S,1247,A
